,"AUTHORS"
"Bio-Analysis","Bio/AnalysisI.pm"
,"Bio/Draw/Pictogram.pm"
"Bio-Taxonomy","Bio/Taxonomy/Tree.pm"
"Bio-Taxonomy","Bio/Taxonomy/FactoryI.pm"
"Bio-Taxonomy","Bio/Taxonomy/Node.pm"
"Bio-Taxonomy","Bio/Taxonomy/Taxon.pm"
,"Bio/HandlerBaseI.pm"
,"Bio/DescribableI.pm"
,"Bio/Nexml/Factory.pm"
,"Bio/MapIO/mapmaker.pm"
,"Bio/MapIO/fpc.pm"
"Bio-SeqEvolution","Bio/SeqEvolution/DNAPoint.pm"
"Bio-SeqEvolution","Bio/SeqEvolution/EvolutionI.pm"
"Bio-SeqEvolution","Bio/SeqEvolution/Factory.pm"
"Bio-SeqIO","Bio/SeqIO.pm"
,"Bio/OntologyIO.pm"
,"Bio/PhyloNetwork.pm"
,"Bio/DBLinkContainerI.pm"
"Bio-Map","Bio/Map/Contig.pm"
"Bio-Map","Bio/Map/CytoMap.pm"
"Bio-Map","Bio/Map/MapI.pm"
"Bio-Map","Bio/Map/Gene.pm"
"Bio-Map","Bio/Map/SimpleMap.pm"
"Bio-Map","Bio/Map/LinkagePosition.pm"
"Bio-Map","Bio/Map/CytoMarker.pm"
"Bio-Map","Bio/Map/PositionI.pm"
"Bio-Map","Bio/Map/Microsatellite.pm"
"Bio-Map","Bio/Map/OrderedPositionWithDistance.pm"
"Bio-Map","Bio/Map/Prediction.pm"
"Bio-Map","Bio/Map/Physical.pm"
"Bio-Map","Bio/Map/PositionHandler.pm"
"Bio-Map","Bio/Map/Position.pm"
"Bio-Map","Bio/Map/PositionWithSequence.pm"
"Bio-Map","Bio/Map/GenePosition.pm"
"Bio-Map","Bio/Map/MarkerI.pm"
"Bio-Map","Bio/Map/RelativeI.pm"
"Bio-Map","Bio/Map/MappableI.pm"
"Bio-Map","Bio/Map/GeneMap.pm"
"Bio-Map","Bio/Map/TranscriptionFactor.pm"
"Bio-Map","Bio/Map/Clone.pm"
"Bio-Map","Bio/Map/Mappable.pm"
"Bio-Map","Bio/Map/OrderedPosition.pm"
"Bio-Map","Bio/Map/Marker.pm"
"Bio-Map","Bio/Map/LinkageMap.pm"
"Bio-Map","Bio/Map/GeneRelative.pm"
"Bio-Map","Bio/Map/Relative.pm"
"Bio-Map","Bio/Map/CytoPosition.pm"
"Bio-Map","Bio/Map/FPCMarker.pm"
"Bio-Map","Bio/Map/PositionHandlerI.pm"
"Bio-Map","Bio/Map/EntityI.pm"
"Bio-Restriction","Bio/Restriction/EnzymeCollection.pm"
"Bio-Restriction","Bio/Restriction/IO/withrefm.pm"
"Bio-Restriction","Bio/Restriction/IO/itype2.pm"
"Bio-Restriction","Bio/Restriction/IO/prototype.pm"
"Bio-Restriction","Bio/Restriction/IO/bairoch.pm"
"Bio-Restriction","Bio/Restriction/IO/base.pm"
"Bio-Restriction","Bio/Restriction/Enzyme/MultiSite.pm"
"Bio-Restriction","Bio/Restriction/Enzyme/MultiCut.pm"
"Bio-Restriction","Bio/Restriction/IO.pm"
"Bio-Restriction","Bio/Restriction/Analysis.pm"
"Bio-Restriction","Bio/Restriction/Enzyme.pm"
"Bio-Restriction","Bio/Restriction/EnzymeI.pm"
,"Bio/LocationI.pm"
"Bio-Tree","Bio/TreeIO/phyloxml.pm"
"Bio-Tree","Bio/TreeIO/pag.pm"
"Bio-Tree","Bio/TreeIO/lintree.pm"
"Bio-Tree","Bio/TreeIO/svggraph.pm"
"Bio-Tree","Bio/TreeIO/nexml.pm"
"Bio-Tree","Bio/TreeIO/nhx.pm"
"Bio-Tree","Bio/TreeIO/nexus.pm"
"Bio-Tree","Bio/TreeIO/tabtree.pm"
"Bio-Tree","Bio/TreeIO/newick.pm"
"Bio-Tree","Bio/TreeIO/cluster.pm"
"Bio-Tree","Bio/TreeIO/TreeEventBuilder.pm"
"Bio-Analysis","Bio/AnalysisResultI.pm"
,"Bio/Range.pm"
"Bio-Tree","Bio/TreeIO.pm"
,"Bio/IdentifiableI.pm"
"Bio-Das","Bio/Das/SegmentI.pm"
"Bio-Das","Bio/Das/FeatureTypeI.pm"
,"Bio/PullParserI.pm"
"Bio-Analysis","Bio/Factory/AnalysisI.pm"
,"Bio/Factory/SequenceProcessorI.pm"
,"Bio/Factory/SequenceStreamI.pm"
,"Bio/Factory/ObjectFactoryI.pm"
,"Bio/Factory/TreeFactoryI.pm"
,"Bio/Factory/SeqAnalysisParserFactoryI.pm"
,"Bio/Factory/MapFactoryI.pm"
,"Bio/Factory/SequenceFactoryI.pm"
,"Bio/Factory/SeqAnalysisParserFactory.pm"
,"Bio/Factory/ObjectBuilderI.pm"
,"Bio/Factory/ApplicationFactoryI.pm"
,"Bio/Factory/FTLocationFactory.pm"
,"Bio/Factory/ObjectFactory.pm"
,"Bio/Factory/DriverFactory.pm"
,"Bio/Factory/LocationFactoryI.pm"
,"Bio/Species.pm"
,"Bio/NexmlIO.pm"
"Bio-Cluster","Bio/Cluster/UniGene.pm"
"Bio-Cluster","Bio/Cluster/UniGeneI.pm"
"Bio-Cluster","Bio/Cluster/FamilyI.pm"
"Bio-Cluster","Bio/Cluster/SequenceFamily.pm"
"Bio-Cluster","Bio/Cluster/ClusterFactory.pm"
,"Bio/SimpleAlign.pm"
"Bio-Cluster","Bio/ClusterI.pm"
"Bio-Coordinate","Bio/Coordinate/Graph.pm"
"Bio-Coordinate","Bio/Coordinate/GeneMapper.pm"
"Bio-Coordinate","Bio/Coordinate/Chain.pm"
"Bio-Coordinate","Bio/Coordinate/Collection.pm"
"Bio-Coordinate","Bio/Coordinate/Result.pm"
"Bio-Coordinate","Bio/Coordinate/ResultI.pm"
"Bio-Coordinate","Bio/Coordinate/Pair.pm"
"Bio-Coordinate","Bio/Coordinate/MapperI.pm"
"Bio-Coordinate","Bio/Coordinate/ExtrapolatingPair.pm"
"Bio-Coordinate","Bio/Coordinate/Utils.pm"
"Bio-Coordinate","Bio/Coordinate/Result/Gap.pm"
"Bio-Coordinate","Bio/Coordinate/Result/Match.pm"
,"Bio/Seq.pm"
"Bio-Tree","Bio/Tree/Draw/Cladogram.pm"
"Bio-Tree","Bio/Tree/DistanceFactory.pm"
"Bio-Tree","Bio/Tree/Compatible.pm"
"Bio-Tree","Bio/Tree/TreeI.pm"
"Bio-Tree","Bio/Tree/Tree.pm"
"Bio-Tree","Bio/Tree/AnnotatableNode.pm"
"Bio-Tree","Bio/Tree/NodeI.pm"
"Bio-Tree","Bio/Tree/AlleleNode.pm"
"Bio-Tree","Bio/Tree/Statistics.pm"
"Bio-Tree","Bio/Tree/RandomFactory.pm"
"Bio-Tree","Bio/Tree/Node.pm"
"Bio-Tree","Bio/Tree/TreeFunctionsI.pm"
"Bio-Tree","Bio/Tree/NodeNHX.pm"
,"Bio/Structure/IO/pdb.pm"
"Bio-Structure","Bio/Structure/Atom.pm"
"Bio-Structure","Bio/Structure/Residue.pm"
"Bio-Structure","Bio/Structure/StructureI.pm"
"Bio-Structure","Bio/Structure/Chain.pm"
"Bio-Structure","Bio/Structure/IO.pm"
"Bio-Structure","Bio/Structure/Model.pm"
"Bio-Structure","Bio/Structure/Entry.pm"
"Bio-Structure","Bio/Structure/SecStr/DSSP/Res.pm"
"Bio-Structure","Bio/Structure/SecStr/STRIDE/Res.pm"
"Bio-SeqFeature-Annotated","Bio/SeqFeature/Annotated.pm"
"Bio-SeqFeature-Gene","Bio/SeqFeature/Gene/ExonI.pm"
"Bio-SeqFeature-Gene","Bio/SeqFeature/Gene/UTR.pm"
"Bio-SeqFeature-Gene","Bio/SeqFeature/Gene/Exon.pm"
"Bio-SeqFeature-Gene","Bio/SeqFeature/Gene/Transcript.pm"
"Bio-SeqFeature-Gene","Bio/SeqFeature/Gene/GeneStructure.pm"
"Bio-SeqFeature-Gene","Bio/SeqFeature/Gene/GeneStructureI.pm"
"Bio-SeqFeature-Gene","Bio/SeqFeature/Gene/Poly_A_site.pm"
"Bio-SeqFeature-Gene","Bio/SeqFeature/Gene/NC_Feature.pm"
"Bio-SeqFeature-Gene","Bio/SeqFeature/Gene/Promoter.pm"
"Bio-SeqFeature-Gene","Bio/SeqFeature/Gene/Intron.pm"
"Bio-SeqFeature-Gene","Bio/SeqFeature/Gene/TranscriptI.pm"
,"Bio/SeqFeature/Generic.pm"
,"Bio/SeqFeature/SiRNA/Pair.pm"
,"Bio/SeqFeature/SiRNA/Oligo.pm"
,"Bio/SeqFeature/FeaturePair.pm"
,"Bio/SeqFeature/Similarity.pm"
,"Bio/SeqFeature/Computation.pm"
,"Bio/SeqFeature/Collection.pm"
,"Bio/SeqFeature/Primer.pm"
,"Bio/SeqFeature/SimilarityPair.pm"
,"Bio/SeqFeature/AnnotationAdaptor.pm"
,"Bio/SeqFeature/PositionProxy.pm"
,"Bio/SeqFeature/TypedSeqFeatureI.pm"
,"Bio/SeqFeature/Lite.pm"
,"Bio/SeqFeature/CollectionI.pm"
,"Bio/SeqFeature/Tools/Unflattener.pm"
,"Bio/SeqFeature/Tools/IDHandler.pm"
,"Bio/SeqFeature/Tools/FeatureNamer.pm"
,"Bio/SeqFeature/Tools/TypeMapper.pm"
"Bio-Variation","Bio/Variation/AAReverseMutate.pm"
"Bio-Variation","Bio/Variation/IO/flat.pm"
"Bio-Variation","Bio/Variation/IO/xml.pm"
"Bio-Variation","Bio/Variation/AAChange.pm"
"Bio-Variation","Bio/Variation/SNP.pm"
"Bio-Variation","Bio/Variation/README"
"Bio-Variation","Bio/Variation/SeqDiff.pm"
"Bio-Variation","Bio/Variation/IO.pm"
"Bio-Variation","Bio/Variation/RNAChange.pm"
"Bio-Variation","Bio/Variation/DNAMutation.pm"
"Bio-Variation","Bio/Variation/Allele.pm"
"Bio-Variation","Bio/Variation/VariantI.pm"
,"Bio/AnnotationCollectionI.pm"
,"Bio/Perl.pm"
,"Bio/MolEvol/CodonModel.pm"
"Bio-Align","Bio/AlignIO/proda.pm"
"Bio-Align","Bio/AlignIO/stockholm.pm"
"Bio-Align","Bio/AlignIO/clustalw.pm"
"Bio-Align","Bio/AlignIO/xmfa.pm"
"Bio-Align","Bio/AlignIO/selex.pm"
"Bio-Align","Bio/AlignIO/fasta.pm"
"Bio-Align","Bio/AlignIO/bl2seq.pm"
"Bio-Align","Bio/AlignIO/emboss.pm"
"Bio-Align","Bio/AlignIO/arp.pm"
"Bio-Align","Bio/AlignIO/prodom.pm"
"Bio-Align","Bio/AlignIO/po.pm"
"Bio-Align","Bio/AlignIO/nexml.pm"
"Bio-Align","Bio/AlignIO/meme.pm"
"Bio-Align","Bio/AlignIO/mega.pm"
"Bio-Align","Bio/AlignIO/pfam.pm"
"Bio-Align","Bio/AlignIO/largemultifasta.pm"
"Bio-Align","Bio/AlignIO/maf.pm"
"Bio-Align","Bio/AlignIO/nexus.pm"
"Bio-Align","Bio/AlignIO/msf.pm"
"Bio-Align","Bio/AlignIO/psi.pm"
"Bio-Align","Bio/AlignIO/phylip.pm"
"Bio-Align","Bio/AlignIO/Handler/GenericAlignHandler.pm"
"Bio-Align","Bio/AlignIO/mase.pm"
"Bio-Align","Bio/AlignIO/metafasta.pm"
,"Bio/SeqFeatureI.pm"
"Bio-Align","Bio/Align/DNAStatistics.pm"
"Bio-Align","Bio/Align/ProteinStatistics.pm"
"Bio-Align","Bio/Align/AlignI.pm"
"Bio-Align","Bio/Align/PairwiseStatistics.pm"
"Bio-Align","Bio/Align/Utilities.pm"
"Bio-Align","Bio/Align/Graphics.pm"
"Bio-Align","Bio/Align/StatisticsI.pm"
,"Bio/UpdateableSeqI.pm"
,"Bio/CodonUsage/IO.pm"
,"Bio/CodonUsage/Table.pm"
,"Bio/ClusterIO/unigene.pm"
,"Bio/ClusterIO/dbsnp.pm"
,"Bio/PrimarySeq.pm"
,"Bio/SearchIO.pm"
"Bio-Seq-Meta","Bio/Seq/MetaI.pm"
"Bio-Seq","Bio/Seq/LargeSeqI.pm"
"Bio-Seq","Bio/Seq/EncodedSeq.pm"
"Bio-Seq","Bio/Seq/LargeSeq.pm"
"Bio-Seq","Bio/Seq/QualI.pm"
"Bio-Seq","Bio/Seq/SeqWithQuality.pm"
"Bio-Seq","Bio/Seq/LargeLocatableSeq.pm"
"Bio-Seq","Bio/Seq/Quality.pm"
"Bio-Seq","Bio/Seq/TraceI.pm"
"Bio-Seq","Bio/Seq/SequenceTrace.pm"
"Bio-Seq-Meta","Bio/Seq/Meta.pm"
"Bio-Seq","Bio/Seq/PrimedSeq.pm"
"Bio-Seq","Bio/Seq/SeqFastaSpeedFactory.pm"
"Bio-Seq","Bio/Seq/SeqBuilder.pm"
"Bio-Seq","Bio/Seq/RichSeqI.pm"
"Bio-Seq","Bio/Seq/BaseSeqProcessor.pm"
"Bio-Seq","Bio/Seq/PrimaryQual.pm"
"Bio-Seq-Meta","Bio/Seq/Meta/Array.pm"
"Bio-Seq","Bio/Seq/LargePrimarySeq.pm"
"Bio-Seq","Bio/Seq/SeqFactory.pm"
"Bio-Seq","Bio/Seq/RichSeq.pm"
,"Bio/IdCollectionI.pm"
"Bio-Analysis","Bio/AnalysisParserI.pm"
"Bio-Ontology","Bio/Ontology/GOterm.pm"
"Bio-Ontology","Bio/Ontology/DocumentRegistry.pm"
"Bio-Ontology","Bio/Ontology/RelationshipFactory.pm"
"Bio-Ontology","Bio/Ontology/Ontology.pm"
"Bio-Ontology","Bio/Ontology/InterProTerm.pm"
"Bio-Ontology","Bio/Ontology/TermI.pm"
"Bio-Ontology","Bio/Ontology/Path.pm"
"Bio-Ontology","Bio/Ontology/TermFactory.pm"
"Bio-Ontology","Bio/Ontology/SimpleGOEngine/GraphAdaptor02.pm"
"Bio-Ontology","Bio/Ontology/SimpleGOEngine/GraphAdaptor.pm"
"Bio-Ontology","Bio/Ontology/Relationship.pm"
"Bio-Ontology","Bio/Ontology/RelationshipI.pm"
"Bio-Ontology","Bio/Ontology/Term.pm"
"Bio-Ontology","Bio/Ontology/OBOEngine.pm"
"Bio-Ontology","Bio/Ontology/OntologyEngineI.pm"
"Bio-Ontology","Bio/Ontology/OntologyI.pm"
"Bio-Ontology","Bio/Ontology/PathI.pm"
"Bio-Ontology","Bio/Ontology/SimpleOntologyEngine.pm"
"Bio-Ontology","Bio/Ontology/OBOterm.pm"
"Bio-Ontology","Bio/Ontology/RelationshipType.pm"
"Bio-Ontology","Bio/Ontology/OntologyStore.pm"
,"Bio/AnnotatableI.pm"
"Bio-Assembly","Bio/Assembly/Contig.pm"
"Bio-Assembly","Bio/Assembly/IO/maq.pm"
"Bio-Assembly","Bio/Assembly/IO/ace.pm"
"Bio-Assembly","Bio/Assembly/IO/phrap.pm"
"Bio-Assembly","Bio/Assembly/IO/sam.pm"
"Bio-Assembly","Bio/Assembly/IO/tigr.pm"
"Bio-Assembly","Bio/Assembly/IO/bowtie.pm"
"Bio-Assembly","Bio/Assembly/ScaffoldI.pm"
"Bio-Assembly","Bio/Assembly/IO.pm"
"Bio-Assembly","Bio/Assembly/Singlet.pm"
"Bio-Assembly","Bio/Assembly/ContigAnalysis.pm"
"Bio-Assembly","Bio/Assembly/Scaffold.pm"
"Bio-Assembly","Bio/Assembly/Tools/ContigSpectrum.pm"
,"Bio/Symbol/DNAAlphabet.pm"
,"Bio/Symbol/README.Symbol"
,"Bio/Symbol/Symbol.pm"
,"Bio/Symbol/AlphabetI.pm"
,"Bio/Symbol/ProteinAlphabet.pm"
,"Bio/Symbol/Alphabet.pm"
,"Bio/Symbol/SymbolI.pm"
,"Bio/MapIO.pm"
,"Bio/WebAgent.pm"
"Bio-Annotation","Bio/Annotation/SimpleValue.pm"
"Bio-Annotation","Bio/Annotation/Relation.pm"
"Bio-Annotation","Bio/Annotation/OntologyTerm.pm"
"Bio-Annotation","Bio/Annotation/TypeManager.pm"
"Bio-Annotation","Bio/Annotation/Tree.pm"
"Bio-Annotation","Bio/Annotation/AnnotationFactory.pm"
"Bio-Annotation","Bio/Annotation/Collection.pm"
"Bio-Annotation","Bio/Annotation/StructuredValue.pm"
"Bio-Annotation","Bio/Annotation/Reference.pm"
"Bio-Annotation","Bio/Annotation/TagTree.pm"
"Bio-Annotation","Bio/Annotation/DBLink.pm"
"Bio-Annotation","Bio/Annotation/Target.pm"
"Bio-Annotation","Bio/Annotation/Comment.pm"
"Bio-Phenotype","Bio/Phenotype/PhenotypeI.pm"
"Bio-Phenotype","Bio/Phenotype/MeSH/Twig.pm"
"Bio-Phenotype","Bio/Phenotype/MeSH/Term.pm"
"Bio-Phenotype","Bio/Phenotype/Phenotype.pm"
"Bio-Phenotype","Bio/Phenotype/Measure.pm"
"Bio-Phenotype","Bio/Phenotype/Correlate.pm"
"Bio-Phenotype","Bio/Phenotype/OMIM/MiniMIMentry.pm"
"Bio-Phenotype","Bio/Phenotype/OMIM/OMIMentry.pm"
"Bio-Phenotype","Bio/Phenotype/OMIM/OMIMparser.pm"
"Bio-Phenotype","Bio/Phenotype/OMIM/OMIMentryAllelicVariant.pm"
"Bio-Index","Bio/Index/BlastTable.pm"
"Bio-Index","Bio/Index/Qual.pm"
"Bio-HMMER","Bio/Index/Hmmer.pm"
"Bio-Index","Bio/Index/Swissprot.pm"
"Bio-Index","Bio/Index/Fasta.pm"
"Bio-Index","Bio/Index/SwissPfam.pm"
"Bio-Index","Bio/Index/AbstractSeq.pm"
"Bio-Index","Bio/Index/Stockholm.pm"
"Bio-Index","Bio/Index/EMBL.pm"
"Bio-Index","Bio/Index/Blast.pm"
"Bio-Index","Bio/Index/Abstract.pm"
"Bio-Index","Bio/Index/GenBank.pm"
"Bio-Index","Bio/Index/Fastq.pm"
"Bio-PhyloNetwork","Bio/PhyloNetwork/TreeFactoryMulti.pm"
"Bio-PhyloNetwork","Bio/PhyloNetwork/TreeFactoryX.pm"
"Bio-PhyloNetwork","Bio/PhyloNetwork/TreeFactory.pm"
"Bio-PhyloNetwork","Bio/PhyloNetwork/FactoryX.pm"
"Bio-PhyloNetwork","Bio/PhyloNetwork/RandomFactory.pm"
"Bio-PhyloNetwork","Bio/PhyloNetwork/GraphViz.pm"
"Bio-PhyloNetwork","Bio/PhyloNetwork/muVector.pm"
"Bio-PhyloNetwork","Bio/PhyloNetwork/Factory.pm"
"Bio-Matrix","Bio/Matrix/IO/mlagan.pm"
"Bio-Matrix","Bio/Matrix/IO/phylip.pm"
"Bio-Matrix","Bio/Matrix/IO/scoring.pm"
"Bio-Matrix","Bio/Matrix/Generic.pm"
"Bio-Matrix","Bio/Matrix/Scoring.pm"
"Bio-Matrix","Bio/Matrix/IO.pm"
"Bio-Matrix","Bio/Matrix/PhylipDist.pm"
"Bio-Matrix","Bio/Matrix/Mlagan.pm"
"Bio-Matrix","Bio/Matrix/MatrixI.pm"
"Bio-Matrix","Bio/Matrix/PSM/IO/mast.pm"
"Bio-Matrix","Bio/Matrix/PSM/IO/psiblast.pm"
"Bio-Matrix","Bio/Matrix/PSM/IO/masta.pm"
"Bio-Matrix","Bio/Matrix/PSM/IO/meme.pm"
"Bio-Matrix","Bio/Matrix/PSM/IO/transfac.pm"
"Bio-Matrix","Bio/Matrix/PSM/SiteMatrixI.pm"
"Bio-Matrix","Bio/Matrix/PSM/SiteMatrix.pm"
"Bio-Matrix","Bio/Matrix/PSM/ProtMatrix.pm"
"Bio-Matrix","Bio/Matrix/PSM/IO.pm"
"Bio-Matrix","Bio/Matrix/PSM/ProtPsm.pm"
"Bio-Matrix","Bio/Matrix/PSM/InstanceSiteI.pm"
"Bio-Matrix","Bio/Matrix/PSM/Psm.pm"
"Bio-Matrix","Bio/Matrix/PSM/PsmHeaderI.pm"
"Bio-Matrix","Bio/Matrix/PSM/InstanceSite.pm"
"Bio-Matrix","Bio/Matrix/PSM/PsmHeader.pm"
"Bio-Matrix","Bio/Matrix/PSM/PsmI.pm"
,"Bio/RangeI.pm"
"Bio-Search","Bio/SearchIO/axt.pm"
"Bio-Search","Bio/SearchIO/rnamotif.pm"
"Bio-Search","Bio/SearchIO/SearchResultEventBuilder.pm"
"Bio-HMMER","Bio/SearchIO/hmmer_pull.pm"
"Bio-Search","Bio/SearchIO/fasta.pm"
"Bio-Search","Bio/SearchIO/SearchWriterI.pm"
"Bio-Search","Bio/SearchIO/psl.pm"
"Bio-Search","Bio/SearchIO/erpin.pm"
"Bio-Search","Bio/SearchIO/IteratedSearchResultEventBuilder.pm"
"Bio-Search","Bio/SearchIO/cross_match.pm"
"Bio-Search","Bio/SearchIO/EventHandlerI.pm"
"Bio-Search","Bio/SearchIO/exonerate.pm"
"Bio-Search","Bio/SearchIO/gmap_f9.pm"
"Bio-HMMER","Bio/SearchIO/hmmer3.pm"
"Bio-Search","Bio/SearchIO/infernal.pm"
"Bio-Search","Bio/SearchIO/Writer/GbrowseGFF.pm"
"Bio-Search","Bio/SearchIO/Writer/HSPTableWriter.pm"
"Bio-Search","Bio/SearchIO/Writer/BSMLResultWriter.pm"
"Bio-Search","Bio/SearchIO/Writer/HitTableWriter.pm"
"Bio-Search","Bio/SearchIO/Writer/HTMLResultWriter.pm"
"Bio-Search","Bio/SearchIO/Writer/TextResultWriter.pm"
"Bio-Search","Bio/SearchIO/Writer/ResultTableWriter.pm"
"Bio-Search","Bio/SearchIO/megablast.pm"
"Bio-Search","Bio/SearchIO/blastxml.pm"
"Bio-Search","Bio/SearchIO/FastHitEventBuilder.pm"
"Bio-Search","Bio/SearchIO/wise.pm"
"Bio-Search","Bio/SearchIO/blast_pull.pm"
"Bio-Search","Bio/SearchIO/waba.pm"
"Bio-HMMER","Bio/SearchIO/hmmer.pm"
"Bio-Search","Bio/SearchIO/blasttable.pm"
"Bio-Search","Bio/SearchIO/blast.pm"
"Bio-Search","Bio/SearchIO/sim4.pm"
"Bio-Search","Bio/SearchIO/XML/BlastHandler.pm"
"Bio-Search","Bio/SearchIO/XML/PsiBlastHandler.pm"
"Bio-FeatureIO","Bio/FeatureIO/gtf.pm"
"Bio-FeatureIO","Bio/FeatureIO/interpro.pm"
"Bio-FeatureIO","Bio/FeatureIO/bed.pm"
"Bio-FeatureIO","Bio/FeatureIO/gff.pm"
"Bio-FeatureIO","Bio/FeatureIO/vecscreen_simple.pm"
"Bio-FeatureIO","Bio/FeatureIO/ptt.pm"
,"Bio/ParameterBaseI.pm"
"Bio-Search","Bio/Search/Tiling/MapTiling.pm"
"Bio-Search","Bio/Search/Tiling/MapTileUtils.pm"
"Bio-Search","Bio/Search/Tiling/TilingI.pm"
"Bio-Search","Bio/Search/SearchUtils.pm"
"Bio-Search","Bio/Search/GenericDatabase.pm"
"Bio-Search","Bio/Search/Iteration/GenericIteration.pm"
"Bio-Search","Bio/Search/Iteration/IterationI.pm"
"Bio-Search","Bio/Search/BlastStatistics.pm"
"Bio-Search","Bio/Search/Processor.pm"
"Bio-Search","Bio/Search/Hit/BlastHit.pm"
"Bio-Search","Bio/Search/Hit/GenericHit.pm"
"Bio-Search","Bio/Search/Hit/Fasta.pm"
"Bio-Search","Bio/Search/Hit/ModelHit.pm"
"Bio-Search","Bio/Search/Hit/HitI.pm"
"Bio-HMMER","Bio/Search/Hit/hmmer3Hit.pm"
"Bio-HMMER","Bio/Search/Hit/HMMERHit.pm"
"Bio-Search","Bio/Search/Hit/PsiBlastHit.pm"
"Bio-Search","Bio/Search/Hit/BlastPullHit.pm"
"Bio-Search","Bio/Search/Hit/HitFactory.pm"
"Bio-Search","Bio/Search/Hit/PullHitI.pm"
"Bio-Search","Bio/Search/Hit/HmmpfamHit.pm"
"Bio-Search","Bio/Search/BlastUtils.pm"
"Bio-Search","Bio/Search/GenericStatistics.pm"
"Bio-Search","Bio/Search/StatisticsI.pm"
"Bio-Search","Bio/Search/HSP/GenericHSP.pm"
"Bio-Search","Bio/Search/HSP/HSPI.pm"
"Bio-Search","Bio/Search/HSP/FastaHSP.pm"
"Bio-Search","Bio/Search/HSP/BlastHSP.pm"
"Bio-Search","Bio/Search/HSP/WABAHSP.pm"
"Bio-Search","Bio/Search/HSP/HmmpfamHSP.pm"
"Bio-Search","Bio/Search/HSP/BlastPullHSP.pm"
"Bio-Search","Bio/Search/HSP/ModelHSP.pm"
"Bio-Search","Bio/Search/HSP/HSPFactory.pm"
"Bio-HMMER","Bio/Search/HSP/HMMERHSP.pm"
"Bio-HMMER","Bio/Search/HSP/hmmer3HSP.pm"
"Bio-Search","Bio/Search/HSP/PSLHSP.pm"
"Bio-Search","Bio/Search/HSP/PsiBlastHSP.pm"
"Bio-Search","Bio/Search/HSP/PullHSPI.pm"
"Bio-HMMER","Bio/Search/Result/hmmer3Result.pm"
"Bio-Search","Bio/Search/Result/BlastResult.pm"
"Bio-Search","Bio/Search/Result/ResultFactory.pm"
"Bio-Search","Bio/Search/Result/CrossMatchResult.pm"
"Bio-Search","Bio/Search/Result/WABAResult.pm"
"Bio-Search","Bio/Search/Result/ResultI.pm"
"Bio-Search","Bio/Search/Result/BlastPullResult.pm"
"Bio-Search","Bio/Search/Result/HmmpfamResult.pm"
"Bio-HMMER","Bio/Search/Result/HMMERResult.pm"
"Bio-Search","Bio/Search/Result/GenericResult.pm"
"Bio-Search","Bio/Search/Result/PullResultI.pm"
"Bio-Search","Bio/Search/DatabaseI.pm"
,"Bio/PrimarySeqI.pm"
,"Bio/FeatureHolderI.pm"
,"Bio/AnnotationI.pm"
"Bio-Biblio","Bio/Biblio/Organisation.pm"
"Bio-Biblio","Bio/Biblio/Ref.pm"
"Bio-Biblio","Bio/Biblio/PubmedArticle.pm"
"Bio-Biblio","Bio/Biblio/IO/pubmed2ref.pm"
"Bio-Biblio","Bio/Biblio/IO/pubmedxml.pm"
"Bio-Biblio","Bio/Biblio/IO/medline2ref.pm"
"Bio-Biblio","Bio/Biblio/IO/medlinexml.pm"
"Bio-Biblio","Bio/Biblio/WebResource.pm"
"Bio-Biblio","Bio/Biblio/TechReport.pm"
"Bio-Biblio","Bio/Biblio/Service.pm"
"Bio-Biblio","Bio/Biblio/Journal.pm"
"Bio-Biblio","Bio/Biblio/MedlineArticle.pm"
"Bio-Biblio","Bio/Biblio/Patent.pm"
"Bio-Biblio","Bio/Biblio/IO.pm"
"Bio-Biblio","Bio/Biblio/JournalArticle.pm"
"Bio-Biblio","Bio/Biblio/BookArticle.pm"
"Bio-Biblio","Bio/Biblio/Thesis.pm"
"Bio-Biblio","Bio/Biblio/MedlineJournalArticle.pm"
"Bio-Biblio","Bio/Biblio/Article.pm"
"Bio-Biblio","Bio/Biblio/Book.pm"
"Bio-Biblio","Bio/Biblio/MedlineBookArticle.pm"
"Bio-Biblio","Bio/Biblio/Proceeding.pm"
"Bio-Biblio","Bio/Biblio/Person.pm"
"Bio-Biblio","Bio/Biblio/PubmedJournalArticle.pm"
"Bio-Biblio","Bio/Biblio/Provider.pm"
"Bio-Biblio","Bio/Biblio/BiblioBase.pm"
"Bio-Biblio","Bio/Biblio/PubmedBookArticle.pm"
"Bio-Biblio","Bio/Biblio/MedlineBook.pm"
"Bio-Biblio","Bio/Biblio/MedlineJournal.pm"
"Bio-DB","Bio/DB/HIV.pm"
,"Bio/DB/RandomAccessI.pm"
,"Bio/DB/Taxonomy/flatfile.pm"
,"Bio/DB/Taxonomy/entrez.pm"
,"Bio/DB/Taxonomy/list.pm"
,"Bio/DB/QueryI.pm"
,"Bio/DB/SwissProt.pm"
,"Bio/DB/EntrezGene.pm"
,"Bio/DB/Registry.pm"
,"Bio/DB/MeSH.pm"
,"Bio/DB/HIV/HIVQueryHelper.pm"
,"Bio/DB/HIV/HIVAnnotProcessor.pm"
,"Bio/DB/HIV/lanl-schema.xml"
,"Bio/DB/CUTG.pm"
,"Bio/DB/Flat.pm"
,"Bio/DB/InMemoryCache.pm"
,"Bio/DB/BiblioI.pm"
,"Bio/DB/LocationI.pm"
,"Bio/DB/Qual.pm"
,"Bio/DB/WebDBSeqI.pm"
,"Bio/DB/TFBS.pm"
,"Bio/DB/Fasta.pm"
"Bio-DB-SeqFeature","Bio/DB/SeqFeature/NormalizedFeature.pm"
"Bio-DB-SeqFeature","Bio/DB/SeqFeature/Segment.pm"
"Bio-DB-SeqFeature","Bio/DB/SeqFeature/NormalizedFeatureI.pm"
"Bio-DB-SeqFeature","Bio/DB/SeqFeature/Store/berkeleydb.pm"
"Bio-DB-SeqFeature","Bio/DB/SeqFeature/Store/LoadHelper.pm"
"Bio-DB-SeqFeature","Bio/DB/SeqFeature/Store/GFF2Loader.pm"
"Bio-DB-SeqFeature","Bio/DB/SeqFeature/Store/Loader.pm"
"Bio-DB-SeqFeature","Bio/DB/SeqFeature/Store/DBI/Iterator.pm"
"Bio-DB-SeqFeature","Bio/DB/SeqFeature/Store/DBI/mysql.pm"
"Bio-DB-SeqFeature","Bio/DB/SeqFeature/Store/DBI/SQLite.pm"
"Bio-DB-SeqFeature","Bio/DB/SeqFeature/Store/DBI/Pg.pm"
"Bio-DB-SeqFeature","Bio/DB/SeqFeature/Store/berkeleydb3.pm"
"Bio-DB-SeqFeature","Bio/DB/SeqFeature/Store/GFF3Loader.pm"
"Bio-DB-SeqFeature","Bio/DB/SeqFeature/Store/FeatureFileLoader.pm"
"Bio-DB-SeqFeature","Bio/DB/SeqFeature/Store/bdb.pm"
"Bio-DB-SeqFeature","Bio/DB/SeqFeature/Store/memory.pm"
"Bio-DB-SeqFeature","Bio/DB/SeqFeature/Store.pm"
"Bio-DB-SeqFeature","Bio/DB/SeqFeature/NormalizedTableFeatureI.pm"
"AcePerl","Bio/DB/Ace.pm"
,"Bio/DB/GenPept.pm"
,"Bio/DB/SeqHound.pm"
,"Bio/DB/Flat/BDB.pm"
,"Bio/DB/Flat/BinarySearch.pm"
,"Bio/DB/Flat/BDB/swiss.pm"
,"Bio/DB/Flat/BDB/fasta.pm"
,"Bio/DB/Flat/BDB/genbank.pm"
,"Bio/DB/Flat/BDB/embl.pm"
,"Bio/DB/SeqVersion.pm"
,"Bio/DB/NCBIHelper.pm"
,"Bio/DB/BioFetch.pm"
,"Bio/DB/DBFetch.pm"
"Bio-DB-GFF","Bio/DB/GFF/Homol.pm"
"Bio-DB-GFF","Bio/DB/GFF/Feature.pm"
"Bio-DB-GFF","Bio/DB/GFF/Adaptor/berkeleydb.pm"
"Bio-DB-GFF","Bio/DB/GFF/Adaptor/memory/feature_serializer.pm"
"Bio-DB-GFF","Bio/DB/GFF/Adaptor/memory/iterator.pm"
"Bio-DB-GFF","Bio/DB/GFF/Adaptor/dbi.pm"
"Bio-DB-GFF","Bio/DB/GFF/Adaptor/berkeleydb/iterator.pm"
"Bio-DB-GFF","Bio/DB/GFF/Adaptor/ace.pm"
"Bio-DB-GFF","Bio/DB/GFF/Adaptor/dbi/mysqlopt.pm"
"Bio-DB-GFF","Bio/DB/GFF/Adaptor/dbi/mysqlcmap.pm"
"Bio-DB-GFF","Bio/DB/GFF/Adaptor/dbi/caching_handle.pm"
"Bio-DB-GFF","Bio/DB/GFF/Adaptor/dbi/mysql.pm"
"Bio-DB-GFF","Bio/DB/GFF/Adaptor/dbi/pg.pm"
"Bio-DB-GFF","Bio/DB/GFF/Adaptor/dbi/oracleace.pm"
"Bio-DB-GFF","Bio/DB/GFF/Adaptor/dbi/pg_fts.pm"
"Bio-DB-GFF","Bio/DB/GFF/Adaptor/dbi/oracle.pm"
"Bio-DB-GFF","Bio/DB/GFF/Adaptor/dbi/mysqlace.pm"
"Bio-DB-GFF","Bio/DB/GFF/Adaptor/dbi/iterator.pm"
"Bio-DB-GFF","Bio/DB/GFF/Adaptor/biofetch_oracle.pm"
"Bio-DB-GFF","Bio/DB/GFF/Adaptor/memory.pm"
"Bio-DB-GFF","Bio/DB/GFF/Adaptor/biofetch.pm"
"Bio-DB-GFF","Bio/DB/GFF/Typename.pm"
"Bio-DB-GFF","Bio/DB/GFF/Segment.pm"
"Bio-DB-GFF","Bio/DB/GFF/Util/Binning.pm"
"Bio-DB-GFF","Bio/DB/GFF/Util/Rearrange.pm"
"Bio-DB-GFF","Bio/DB/GFF/Aggregator/ucsc_sanger22pseudo.pm"
"Bio-DB-GFF","Bio/DB/GFF/Aggregator/coding.pm"
"Bio-DB-GFF","Bio/DB/GFF/Aggregator/ucsc_twinscan.pm"
"Bio-DB-GFF","Bio/DB/GFF/Aggregator/none.pm"
"Bio-DB-GFF","Bio/DB/GFF/Aggregator/clone.pm"
"Bio-DB-GFF","Bio/DB/GFF/Aggregator/gene.pm"
"Bio-DB-GFF","Bio/DB/GFF/Aggregator/transcript.pm"
"Bio-DB-GFF","Bio/DB/GFF/Aggregator/processed_transcript.pm"
"Bio-DB-GFF","Bio/DB/GFF/Aggregator/ucsc_acembly.pm"
"Bio-DB-GFF","Bio/DB/GFF/Aggregator/orf.pm"
"Bio-DB-GFF","Bio/DB/GFF/Aggregator/alignment.pm"
"Bio-DB-GFF","Bio/DB/GFF/Aggregator/ucsc_ensgene.pm"
"Bio-DB-GFF","Bio/DB/GFF/Aggregator/ucsc_refgene.pm"
"Bio-DB-GFF","Bio/DB/GFF/Aggregator/ucsc_genscan.pm"
"Bio-DB-GFF","Bio/DB/GFF/Aggregator/ucsc_softberry.pm"
"Bio-DB-GFF","Bio/DB/GFF/Aggregator/ucsc_sanger22.pm"
"Bio-DB-GFF","Bio/DB/GFF/Aggregator/ucsc_unigene.pm"
"Bio-DB-GFF","Bio/DB/GFF/Aggregator/match.pm"
"Bio-DB-GFF","Bio/DB/GFF/Aggregator/so_transcript.pm"
"Bio-DB-GFF","Bio/DB/GFF/RelSegment.pm"
"Bio-DB-GFF","Bio/DB/GFF/Aggregator.pm"
"Bio-DB-GFF","Bio/DB/GFF/Featname.pm"
,"Bio/DB/UpdateableSeqI.pm"
,"Bio/DB/GenericWebAgent.pm"
,"Bio/DB/SeqFeature.pm"
,"Bio/DB/RefSeq.pm"
,"Bio/DB/Failover.pm"
,"Bio/DB/EMBL.pm"
,"Bio/DB/Query/WebQuery.pm"
,"Bio/DB/Query/GenBank.pm"
,"Bio/DB/Query/HIVQuery.pm"
,"Bio/DB/Expression/geo.pm"
,"Bio/DB/Biblio/eutils.pm"
,"Bio/DB/Biblio/soap.pm"
,"Bio/DB/Biblio/biofetch.pm"
,"Bio/DB/SeqI.pm"
,"Bio/DB/FileCache.pm"
,"Bio/DB/GenBank.pm"
,"Bio/DB/TFBS/transfac_pro.pm"
,"Bio/DB/Universal.pm"
,"Bio/DB/Expression.pm"
,"Bio/DB/EUtilities.pm"
,"Bio/DB/SeqVersion/gi.pm"
,"Bio/DB/ReferenceI.pm"
,"Bio/DB/Taxonomy.pm"
,"Bio/DB/GFF.pm"
,"Bio/SeqI.pm"
"Bio-PopGen","Bio/PopGen/HtSNP.pm"
"Bio-PopGen","Bio/PopGen/TagHaplotype.pm"
"Bio-PopGen","Bio/PopGen/GenotypeI.pm"
"Bio-PopGen","Bio/PopGen/PopStats.pm"
"Bio-PopGen","Bio/PopGen/IO/phase.pm"
"Bio-PopGen","Bio/PopGen/IO/hapmap.pm"
"Bio-PopGen","Bio/PopGen/IO/csv.pm"
"Bio-PopGen","Bio/PopGen/IO/prettybase.pm"
"Bio-PopGen","Bio/PopGen/PopulationI.pm"
"Bio-PopGen","Bio/PopGen/IO.pm"
"Bio-PopGen","Bio/PopGen/IndividualI.pm"
"Bio-PopGen","Bio/PopGen/Statistics.pm"
"Bio-PopGen","Bio/PopGen/Population.pm"
"Bio-PopGen","Bio/PopGen/Individual.pm"
"Bio-PopGen","Bio/PopGen/MarkerI.pm"
"Bio-PopGen","Bio/PopGen/Simulation/Coalescent.pm"
"Bio-PopGen","Bio/PopGen/Simulation/GeneticDrift.pm"
"Bio-PopGen","Bio/PopGen/Utilities.pm"
"Bio-PopGen","Bio/PopGen/Marker.pm"
"Bio-PopGen","Bio/PopGen/Genotype.pm"
"Bio-Cluster","Bio/ClusterIO.pm"
"Bio-Align","Bio/AlignIO.pm"
"Bio-Biblio","Bio/Biblio.pm"
"Bio-FeatureIO","Bio/FeatureIO.pm"
"Bio-Location","Bio/Location/Split.pm"
"Bio-Location","Bio/Location/NarrowestCoordPolicy.pm"
"Bio-Location","Bio/Location/FuzzyLocationI.pm"
"Bio-Location","Bio/Location/SplitLocationI.pm"
"Bio-Location","Bio/Location/Simple.pm"
"Bio-Location","Bio/Location/CoordinatePolicyI.pm"
"Bio-Location","Bio/Location/WidestCoordPolicy.pm"
"Bio-Location","Bio/Location/Atomic.pm"
"Bio-Location","Bio/Location/Fuzzy.pm"
"Bio-Location","Bio/Location/AvWithinCoordPolicy.pm"
,"Bio/LocatableSeq.pm"
"Bio-LiveSeq","Bio/LiveSeq/DNA.pm"
"Bio-LiveSeq","Bio/LiveSeq/Exon.pm"
"Bio-LiveSeq","Bio/LiveSeq/IO/README"
"Bio-LiveSeq","Bio/LiveSeq/IO/Loader.pm"
"Bio-LiveSeq","Bio/LiveSeq/IO/BioPerl.pm"
"Bio-LiveSeq","Bio/LiveSeq/Gene.pm"
"Bio-LiveSeq","Bio/LiveSeq/Range.pm"
"Bio-LiveSeq","Bio/LiveSeq/Transcript.pm"
"Bio-LiveSeq","Bio/LiveSeq/Mutation.pm"
"Bio-LiveSeq","Bio/LiveSeq/Chain.pm"
"Bio-LiveSeq","Bio/LiveSeq/ChainI.pm"
"Bio-LiveSeq","Bio/LiveSeq/AARange.pm"
"Bio-LiveSeq","Bio/LiveSeq/Repeat_Unit.pm"
"Bio-LiveSeq","Bio/LiveSeq/Repeat_Region.pm"
"Bio-LiveSeq","Bio/LiveSeq/Mutator.pm"
"Bio-LiveSeq","Bio/LiveSeq/Prim_Transcript.pm"
"Bio-LiveSeq","Bio/LiveSeq/SeqI.pm"
"Bio-LiveSeq","Bio/LiveSeq/Intron.pm"
"Bio-LiveSeq","Bio/LiveSeq/Translation.pm"
,"Bio/Taxon.pm"
"Bio-Ontology","Bio/OntologyIO/obo.pm"
"Bio-Ontology","Bio/OntologyIO/InterProParser.pm"
"Bio-Ontology","Bio/OntologyIO/Handlers/InterProHandler.pm"
"Bio-Ontology","Bio/OntologyIO/Handlers/InterPro_BioSQL_Handler.pm"
"Bio-Ontology","Bio/OntologyIO/Handlers/BaseSAXHandler.pm"
"Bio-Ontology","Bio/OntologyIO/soflat.pm"
"Bio-Ontology","Bio/OntologyIO/dagflat.pm"
"Bio-Ontology","Bio/OntologyIO/simplehierarchy.pm"
"Bio-Ontology","Bio/OntologyIO/goflat.pm"
,"Bio/Event/EventHandlerI.pm"
,"Bio/Event/EventGeneratorI.pm"
,"Bio/Root/Test/Warn.pm"
,"Bio/Root/Root.pm"
,"Bio/Root/Exception.pm"
,"Bio/Root/Version.pm"
,"Bio/Root/RootI.pm"
,"Bio/Root/IO.pm"
,"Bio/Root/Build.pm"
,"Bio/Root/HTTPget.pm"
,"Bio/Root/Utilities.pm"
,"Bio/Root/Test.pm"
,"Bio/Root/Storable.pm"
,"Bio/SimpleAnalysisI.pm"
,"Bio/SearchDist.pm"
,"Bio/SeqAnalysisParserI.pm"
,"Bio/DasI.pm"
"Bio-SeqIO","Bio/SeqIO/lasergene.pm"
"Bio-SeqIO","Bio/SeqIO/bsml_sax.pm"
"Bio-SeqIO","Bio/SeqIO/agave.pm"
"Bio-SeqIO","Bio/SeqIO/interpro.pm"
"Bio-SeqIO","Bio/SeqIO/gbxml.pm"
"Bio-SeqIO","Bio/SeqIO/swiss.pm"
"Bio-SeqIO","Bio/SeqIO/fasta.pm"
"Bio-SeqIO","Bio/SeqIO/chadoxml.pm"
"Bio-SeqIO","Bio/SeqIO/MultiFile.pm"
"Bio-SeqIO","Bio/SeqIO/kegg.pm"
"Bio-SeqIO","Bio/SeqIO/bsml.pm"
"Bio-SeqIO","Bio/SeqIO/game.pm"
"Bio-SeqIO","Bio/SeqIO/tinyseq/tinyseqHandler.pm"
"Bio-SeqIO","Bio/SeqIO/game/gameHandler.pm"
"Bio-SeqIO","Bio/SeqIO/game/featHandler.pm"
"Bio-SeqIO","Bio/SeqIO/game/gameWriter.pm"
"Bio-SeqIO","Bio/SeqIO/game/gameSubs.pm"
"Bio-SeqIO","Bio/SeqIO/game/seqHandler.pm"
"Bio-SeqIO","Bio/SeqIO/FTHelper.pm"
"Bio-SeqIO","Bio/SeqIO/ace.pm"
"Bio-SeqIO","Bio/SeqIO/tinyseq.pm"
"Bio-SeqIO","Bio/SeqIO/entrezgene.pm"
"Bio-SeqIO","Bio/SeqIO/qual.pm"
"Bio-SeqIO","Bio/SeqIO/tigrxml.pm"
"Bio-SeqIO","Bio/SeqIO/largefasta.pm"
"Bio-SeqIO","Bio/SeqIO/tab.pm"
"Bio-SeqIO","Bio/SeqIO/nexml.pm"
"Bio-SeqIO","Bio/SeqIO/ctf.pm"
"Bio-SeqIO","Bio/SeqIO/genbank.pm"
"Bio-SeqIO","Bio/SeqIO/msout.pm"
"Bio-SeqIO","Bio/SeqIO/excel.pm"
"Bio-SeqIO","Bio/SeqIO/gbdriver.pm"
"Bio-SeqIO","Bio/SeqIO/ztr.pm"
"Bio-SeqIO","Bio/SeqIO/pln.pm"
"Bio-SeqIO","Bio/SeqIO/embl.pm"
"Bio-SeqIO","Bio/SeqIO/fastq.pm"
"Bio-SeqIO","Bio/SeqIO/pir.pm"
"Bio-SeqIO","Bio/SeqIO/raw.pm"
"Bio-SeqIO","Bio/SeqIO/asciitree.pm"
"Bio-SeqIO","Bio/SeqIO/seqxml.pm"
"Bio-SeqIO","Bio/SeqIO/chaos.pm"
"Bio-SeqIO","Bio/SeqIO/gcg.pm"
"Bio-SeqIO","Bio/SeqIO/tigr.pm"
"Bio-SeqIO","Bio/SeqIO/scf.pm"
"Bio-SeqIO","Bio/SeqIO/embldriver.pm"
"Bio-SeqIO","Bio/SeqIO/table.pm"
"Bio-SeqIO","Bio/SeqIO/locuslink.pm"
"Bio-SeqIO","Bio/SeqIO/chaosxml.pm"
"Bio-SeqIO","Bio/SeqIO/exp.pm"
"Bio-SeqIO","Bio/SeqIO/abi.pm"
"Bio-SeqIO","Bio/SeqIO/Handler/GenericRichSeqHandler.pm"
"Bio-SeqIO","Bio/SeqIO/strider.pm"
"Bio-SeqIO","Bio/SeqIO/alf.pm"
"Bio-SeqIO","Bio/SeqIO/swissdriver.pm"
"Bio-SeqIO","Bio/SeqIO/phd.pm"
"Bio-SeqIO","Bio/SeqIO/metafasta.pm"
"Bio-SeqIO","Bio/SeqIO/flybase_chadoxml.pm"
"Bio-Taxonomy","Bio/Taxonomy.pm"
,"Bio/Tools/CodonTable.pm"
,"Bio/Tools/Prints.pm"
,"Bio/Tools/Eponine.pm"
,"Bio/Tools/Glimmer.pm"
"Bio-HMMER","Bio/Tools/HMMER/Results.pm"
"Bio-HMMER","Bio/Tools/HMMER/Set.pm"
"Bio-HMMER","Bio/Tools/HMMER/Domain.pm"
,"Bio/Tools/Lucy.pm"
,"Bio/Tools/SeqWords.pm"
,"Bio/Tools/GuessSeqFormat.pm"
,"Bio/Tools/TargetP.pm"
,"Bio/Tools/SeqPattern.pm"
,"Bio/Tools/pSW.pm"
,"Bio/Tools/Hmmpfam.pm"
,"Bio/Tools/Genewise.pm"
,"Bio/Tools/QRNA.pm"
,"Bio/Tools/Profile.pm"
,"Bio/Tools/Primer/Feature.pm"
,"Bio/Tools/Primer/AssessorI.pm"
,"Bio/Tools/Primer/Pair.pm"
,"Bio/Tools/Primer/Assessor/Base.pm"
,"Bio/Tools/Run/ParametersI.pm"
,"Bio/Tools/Run/RemoteBlast.pm"
,"Bio/Tools/Run/WrapperBase/CommandExts.pm"
,"Bio/Tools/Run/README"
"Bio-HMMER","Bio/Tools/Run/hmmer3.pm"
,"Bio/Tools/Run/WrapperBase.pm"
,"Bio/Tools/Run/GenericParameters.pm"
,"Bio/Tools/Run/StandAloneWUBlast.pm"
,"Bio/Tools/Run/StandAloneBlast.pm"
,"Bio/Tools/Run/StandAloneNCBIBlast.pm"
,"Bio/Tools/Signalp/ExtendedSignalp.pm"
,"Bio/Tools/SiRNA/Ruleset/tuschl.pm"
,"Bio/Tools/SiRNA/Ruleset/saigo.pm"
,"Bio/Tools/Genscan.pm"
,"Bio/Tools/Genemark.pm"
,"Bio/Tools/OddCodes.pm"
,"Bio/Tools/ipcress.pm"
,"Bio/Tools/Est2Genome.pm"
,"Bio/Tools/Sim4/Results.pm"
,"Bio/Tools/Sim4/Exon.pm"
,"Bio/Tools/SeqStats.pm"
,"Bio/Tools/ERPIN.pm"
,"Bio/Tools/RNAMotif.pm"
,"Bio/Tools/dpAlign.pm"
,"Bio/Tools/Alignment/Trim.pm"
,"Bio/Tools/Alignment/Consed.pm"
,"Bio/Tools/Primer3.pm"
,"Bio/Tools/AnalysisResult.pm"
,"Bio/Tools/Match.pm"
,"Bio/Tools/Phylo/Molphy/Result.pm"
,"Bio/Tools/Phylo/Gumby.pm"
,"Bio/Tools/Phylo/PAML/Codeml.pm"
,"Bio/Tools/Phylo/PAML/ModelResult.pm"
,"Bio/Tools/Phylo/PAML/Result.pm"
,"Bio/Tools/Phylo/Phylip/ProtDist.pm"
,"Bio/Tools/Phylo/Molphy.pm"
,"Bio/Tools/Phylo/Gerp.pm"
,"Bio/Tools/Phylo/PAML.pm"
,"Bio/Tools/Gel.pm"
,"Bio/Tools/Genomewise.pm"
,"Bio/Tools/Signalp.pm"
,"Bio/Tools/Infernal.pm"
,"Bio/Tools/EUtilities/Summary/DocSum.pm"
,"Bio/Tools/EUtilities/Summary/ItemContainerI.pm"
,"Bio/Tools/EUtilities/Summary/Item.pm"
,"Bio/Tools/EUtilities/Info/LinkInfo.pm"
,"Bio/Tools/EUtilities/Info/FieldInfo.pm"
,"Bio/Tools/EUtilities/HistoryI.pm"
,"Bio/Tools/EUtilities/Info.pm"
,"Bio/Tools/EUtilities/EUtilParameters.pm"
,"Bio/Tools/EUtilities/EUtilDataI.pm"
,"Bio/Tools/EUtilities/History.pm"
,"Bio/Tools/EUtilities/Cookie.pm"
,"Bio/Tools/EUtilities/Link.pm"
,"Bio/Tools/EUtilities/Summary.pm"
,"Bio/Tools/EUtilities/Query/GlobalQuery.pm"
,"Bio/Tools/EUtilities/Query.pm"
,"Bio/Tools/EUtilities/Link/LinkSet.pm"
,"Bio/Tools/EUtilities/Link/UrlLink.pm"
,"Bio/Tools/FootPrinter.pm"
,"Bio/Tools/TandemRepeatsFinder.pm"
,"Bio/Tools/Analysis/SimpleAnalysisBase.pm"
,"Bio/Tools/Analysis/DNA/ESEfinder.pm"
,"Bio/Tools/Analysis/Protein/Domcut.pm"
,"Bio/Tools/Analysis/Protein/Mitoprot.pm"
,"Bio/Tools/Analysis/Protein/Sopma.pm"
,"Bio/Tools/Analysis/Protein/NetPhos.pm"
,"Bio/Tools/Analysis/Protein/Scansite.pm"
,"Bio/Tools/Analysis/Protein/ELM.pm"
,"Bio/Tools/Analysis/Protein/GOR4.pm"
,"Bio/Tools/Analysis/Protein/HNN.pm"
,"Bio/Tools/AlignFactory.pm"
,"Bio/Tools/Promoterwise.pm"
,"Bio/Tools/Geneid.pm"
,"Bio/Tools/Sigcleave.pm"
,"Bio/Tools/IUPAC.pm"
,"Bio/Tools/SiRNA.pm"
,"Bio/Tools/pICalculator.pm"
,"Bio/Tools/SeqPattern/Backtranslate.pm"
,"Bio/Tools/Blat.pm"
,"Bio/Tools/ECnumber.pm"
,"Bio/Tools/tRNAscanSE.pm"
,"Bio/Tools/Fgenesh.pm"
,"Bio/Tools/Prediction/Exon.pm"
,"Bio/Tools/Prediction/Gene.pm"
,"Bio/Tools/Pseudowise.pm"
,"Bio/Tools/RepeatMasker.pm"
,"Bio/Tools/Tmhmm.pm"
,"Bio/Tools/Grail.pm"
,"Bio/Tools/MZEF.pm"
,"Bio/Tools/Protparam.pm"
,"Bio/Tools/isPcr.pm"
,"Bio/Tools/EPCR.pm"
,"Bio/Tools/Coil.pm"
,"Bio/Tools/Spidey/Results.pm"
,"Bio/Tools/Spidey/Exon.pm"
,"Bio/Tools/EMBOSS/Palindrome.pm"
,"Bio/Tools/EUtilities.pm"
,"Bio/Tools/Seg.pm"
,"Bio/Tools/PrositeScan.pm"
,"Bio/Tools/RandomDistFunctions.pm"
,"Bio/Tools/ESTScan.pm"
,"Bio/Tools/GFF.pm"
,"Bio/SeqUtils.pm"
,"BioPerl.pm"
,"BUGS"
,"Build.PL"
,"Changes"
,"DEPENDENCIES"
,"DEPRECATED"
,"doc/README"
,"doc/makedoc.PL"
,"doc/Deobfuscator/excluded_modules.txt"
,"doc/Deobfuscator/t/00.load.t"
,"doc/Deobfuscator/t/pod.t"
,"doc/Deobfuscator/LICENSE"
,"doc/Deobfuscator/META.yml"
,"doc/Deobfuscator/README"
,"doc/Deobfuscator/bin/deob_index.pl"
,"doc/Deobfuscator/Makefile.PL"
,"doc/Deobfuscator/Build.PL"
,"doc/Deobfuscator/lib/Deobfuscator.pm"
,"doc/Deobfuscator/cgi-bin/deob_detail.cgi"
,"doc/Deobfuscator/cgi-bin/deob_interface.cgi"
,"doc/Deobfuscator/cgi-bin/deob_help.html"
,"doc/Deobfuscator/cgi-bin/deob_flowchart.png"
,"doc/Deobfuscator/Changes"
,"doc/Deobfuscator/MANIFEST"
,"examples/bioperl.pl"
,"examples/subsequence.cgi"
,"examples/searchio/resultwriter.pl"
,"examples/searchio/waba2gff3.pl"
,"examples/searchio/custom_writer.pl"
,"examples/searchio/psiblast_iterations.pl"
,"examples/searchio/psiblast_features.pl"
,"examples/searchio/waba2gff.pl"
,"examples/searchio/htmlwriter.pl"
,"examples/searchio/blast_example.pl"
,"examples/searchio/hitwriter.pl"
,"examples/searchio/hspwriter.pl"
,"examples/searchio/rawwriter.pl"
,"examples/root/exceptions3.pl"
,"examples/root/README"
,"examples/root/exceptions1.pl"
,"examples/root/exceptions2.pl"
,"examples/root/lib/TestInterface.pm"
,"examples/root/lib/TestObject.pm"
,"examples/root/exceptions4.pl"
,"examples/sirna/rnai_finder.cgi"
,"examples/sirna/TAG"
,"examples/cluster/dbsnp.pl"
,"examples/quality/svgtrace.pl"
,"examples/longorf.pl"
,"examples/revcom_dir.pl"
,"examples/align/simplealign.pl"
,"examples/align/clustalw.pl"
,"examples/align/aligntutorial.pl"
,"examples/align/align_on_codons.pl"
,"examples/biblio/biblio-eutils-example.pl"
,"examples/biblio/biblio_soap.pl"
,"examples/biblio/biblio-soap-example.pl"
,"examples/generate_random_seq.pl"
,"examples/rev_and_trans.pl"
,"examples/liveseq/change_gene.pl"
,"examples/structure/structure-io.pl"
,"examples/tools/run_genscan.pl"
,"examples/tools/extract_genes.pl"
,"examples/tools/standaloneblast.pl"
,"examples/tools/gff2ps.pl"
,"examples/tools/parse_codeml.pl"
,"examples/tools/gb_to_gff.pl"
,"examples/tools/seq_pattern.pl"
,"examples/tools/run_primer3.pl"
,"examples/tools/psw.pl"
,"examples/tools/reverse-translate.pl"
,"examples/contributed/nmrpdb_parse.pl"
,"examples/contributed/rebase2list.pl"
,"examples/contributed/prosite2perl.pl"
,"examples/Bio-DB-GFF/load_ucsc.pl"
,"examples/make_primers.pl"
,"examples/db/get_seqs.pl"
,"examples/db/use_registry.pl"
,"examples/db/getGenBank.pl"
,"examples/db/est_tissue_query.pl"
,"examples/db/gb2features.pl"
,"examples/db/rfetch.pl"
,"examples/db/dbfetch"
,"examples/tk/hitdisplay.pl"
,"examples/tk/gsequence.pl"
,"examples/popgen/parse_calc_stats.pl"
,"examples/tree/paup2phylip.pl"
,"ide/bioperl-mode/dist/bioperl-mode-xemacs.tar.md5"
,"ide/bioperl-mode/dist/bioperl-mode-xemacs.tar"
,"ide/bioperl-mode/dist/SKIP"
,"ide/bioperl-mode/dist/bioperl-mode.tar"
,"ide/bioperl-mode/dist/package-me"
,"ide/bioperl-mode/dist/bioperl-mode.tar.md5"
,"ide/bioperl-mode/dist/Changes"
,"ide/bioperl-mode/site-lisp/bioperl-mode.el"
,"ide/bioperl-mode/site-lisp/pod.el"
,"ide/bioperl-mode/site-lisp/bioperl-skel.el"
,"ide/bioperl-mode/site-lisp/bioperl-init.el"
,"ide/bioperl-mode/README"
,"ide/bioperl-mode/etc/images/bpmode-tool-dis.xpm"
,"ide/bioperl-mode/etc/images/bpmode-tool.xpm"
,"ide/bioperl.komodo"
,"ide/bioperl.lisp"
,"INSTALL"
,"INSTALL.SKIP"
,"INSTALL.WIN"
,"LICENSE"
,"maintenance/modules.pl"
,"maintenance/pod.pl"
,"maintenance/split"
,"maintenance/deprecated.pl"
,"maintenance/version.pl"
,"maintenance/authors.pl"
,"maintenance/perltidy.conf"
,"maintenance/README"
,"maintenance/symlink_script.pl"
,"maintenance/dependencies.pl"
,"maintenance/all_files"
,"maintenance/ncbi_blast_switches.pl"
,"maintenance/cvs2cl_by_file.pl"
,"maintenance/check_URLs.pl"
,"maintenance/check_NAME.pl"
,"maintenance/module_usage.pl"
,"MANIFEST"
,"MANIFEST.SKIP"
,"models/map_proposal.txt"
,"models/popgen.dia"
,"models/biblio.dia"
,"models/bioperl.dia"
,"models/README"
,"models/maps_and_markers.dia"
,"models/bio_liveseq_variation.dia"
,"models/bio_restriction.dia"
,"models/bio_map.dia"
,"models/coordinatemapper.dia"
,"models/population_proposal.txt"
,"README"
,"scripts/searchio/parse_hmmsearch.PLS"
,"scripts/searchio/filter_search.PLS"
"Bio-HMMER","scripts/searchio/hmmer_to_table.PLS"
,"scripts/searchio/README"
,"scripts/searchio/fastam9_to_table.PLS"
,"scripts/searchio/search2table.PLS"
,"scripts/searchio/TAG"
,"scripts/utilities/search2tribe.PLS"
,"scripts/utilities/bp_mrtrans.PLS"
,"scripts/utilities/mutate.PLS"
,"scripts/utilities/dbsplit.PLS"
,"scripts/utilities/remote_blast.PLS"
,"scripts/utilities/README"
,"scripts/utilities/mask_by_search.PLS"
,"scripts/utilities/bp_sreformat.PLS"
,"scripts/utilities/revtrans-motif.PLS"
,"scripts/utilities/seq_length.PLS"
,"scripts/utilities/search2alnblocks.PLS"
,"scripts/utilities/bp_nrdb.PLS"
,"scripts/utilities/search2BSML.PLS"
,"scripts/utilities/pairwise_kaks.PLS"
,"scripts/utilities/TAG"
,"scripts/utilities/search2gff.PLS"
,"scripts/utilities/download_query_genbank.PLS"
,"scripts/taxa/classify_hits_kingdom.PLS"
,"scripts/taxa/taxonomy2tree.PLS"
,"scripts/taxa/query_entrez_taxa.PLS"
,"scripts/taxa/taxid4species.PLS"
,"scripts/taxa/local_taxonomydb_query.PLS"
,"scripts/taxa/TAG"
,"scripts/index/bp_index.PLS"
,"scripts/index/bp_seqret.PLS"
,"scripts/index/bp_fetch.PLS"
,"scripts/index/TAG"
,"scripts/README"
,"scripts/das/das_server.pl"
,"scripts/das/README"
,"scripts/das/TAG"
,"scripts/biblio/biblio.PLS"
,"scripts/biblio/TAG"
,"scripts/bioperl_netinstall.pl"
"Bio-DB-GFF","scripts/Bio-DB-GFF/generate_histogram.PLS"
"Bio-DB-GFF","scripts/Bio-DB-GFF/genbank2gff3.PLS"
"Bio-DB-GFF","scripts/Bio-DB-GFF/process_sgd.PLS"
"Bio-DB-GFF","scripts/Bio-DB-GFF/genbank2gff.PLS"
"Bio-DB-GFF","scripts/Bio-DB-GFF/process_gadfly.PLS"
"Bio-DB-GFF","scripts/Bio-DB-GFF/meta_gff.PLS"
"Bio-DB-GFF","scripts/Bio-DB-GFF/README"
"Bio-DB-GFF","scripts/Bio-DB-GFF/process_wormbase.PLS"
"Bio-DB-GFF","scripts/Bio-DB-GFF/fast_load_gff.PLS"
"Bio-DB-GFF","scripts/Bio-DB-GFF/load_gff.PLS"
"Bio-DB-GFF","scripts/Bio-DB-GFF/bulk_load_gff.PLS"
,"scripts/DB/biofetch_genbank_proxy.PLS"
,"scripts/DB/biogetseq.PLS"
,"scripts/DB/flanks.PLS"
,"scripts/DB/bioflat_index.PLS"
,"scripts/DB/TAG"
,"scripts/popgen/composite_LD.PLS"
,"scripts/popgen/heterogeneity_test.PLS"
,"scripts/Bio-DB-EUtilities/einfo.PLS"
,"scripts/tree/blast2tree.PLS"
,"scripts/tree/tree2pag.PLS"
,"scripts/tree/nexus2nh.PLS"
,"scripts/tree/TAG"
,"scripts/seqstats/aacomp.PLS"
,"scripts/seqstats/oligo_count.PLS"
,"scripts/seqstats/gccalc.PLS"
,"scripts/seqstats/chaos_plot.PLS"
,"scripts/seqstats/TAG"
,"scripts/Bio-SeqFeature-Store/bp_seqfeature_delete.PLS"
,"scripts/Bio-SeqFeature-Store/bp_seqfeature_gff3.PLS"
,"scripts/Bio-SeqFeature-Store/bp_seqfeature_load.PLS"
,"scripts/DB-HIV/hivq.PLS"
,"scripts/seq/split_seq.PLS"
,"scripts/seq/seqconvert.PLS"
,"scripts/seq/unflatten_seq.PLS"
,"scripts/seq/translate_seq.PLS"
,"scripts/seq/make_mrna_protein.PLS"
,"scripts/seq/extract_feature_seq.PLS"
,"scripts/seq/seqretsplit.PLS"
,"scripts/seq/TAG"
,"t/Draw/Pictogram.t"
,"t/Perl.t"
,"t/Map/MicrosatelliteMarker.t"
,"t/Map/Map.t"
,"t/Map/Linkage.t"
,"t/Map/MapIO.t"
,"t/Map/Physical.t"
,"t/Map/Cyto.t"
,"t/TaxonTree.t"
,"t/Restriction/Analysis.t"
,"t/Restriction/Analysis-refac.t"
,"t/Restriction/Gel.t"
,"t/Restriction/IO.t"
,"t/SearchDist.t"
,"t/Symbol.t"
,"t/Coordinate/CoordinateGraph.t"
,"t/Coordinate/CoordinateMapper.t"
,"t/Coordinate/GeneCoordinateMapper.t"
,"t/Tree/TreeStatistics.t"
,"t/Tree/TreeIO/newick.t"
,"t/Tree/TreeIO/svggraph.t"
,"t/Tree/TreeIO/nhx.t"
,"t/Tree/TreeIO/nexus.t"
,"t/Tree/TreeIO/lintree.t"
,"t/Tree/TreeIO/tabtree.t"
,"t/Tree/TreeIO/nexml.t"
,"t/Tree/TreeIO/phyloxml.t"
,"t/Tree/Node.t"
,"t/Tree/Compatible.t"
,"t/Tree/TreeIO.t"
,"t/Tree/PhyloNetwork/RandomFactory.t"
,"t/Tree/PhyloNetwork/TreeFactory.t"
,"t/Tree/PhyloNetwork/GraphViz.t"
,"t/Tree/PhyloNetwork/Factory.t"
,"t/Tree/PhyloNetwork/PhyloNetwork.t"
,"t/Tree/PhyloNetwork/MuVector.t"
,"t/Tree/RandomTreeFactory.t"
,"t/Tree/Tree.t"
,"t/Structure/IO.t"
,"t/Structure/Structure.t"
,"t/SeqFeature/SeqFeaturePrimer.t"
,"t/SeqFeature/SeqFeatCollection.t"
,"t/SeqFeature/SeqFeatAnnotated.t"
,"t/SeqFeature/LocationFactory.t"
,"t/SeqFeature/Location.t"
,"t/SeqFeature/FeatureIO.t"
,"t/SeqFeature/RangeI.t"
,"t/SeqFeature/SeqFeature.t"
,"t/SeqFeature/Unflattener2.t"
,"t/SeqFeature/Primer.t"
,"t/SeqFeature/Range.t"
,"t/SeqFeature/SeqAnalysisParser.t"
,"t/SeqFeature/Clone.t"
,"t/SeqFeature/Unflattener.t"
,"t/Variation/RNAChange.t"
,"t/Variation/DNAMutation.t"
,"t/Variation/Variation_IO.t"
,"t/Variation/Allele.t"
,"t/Variation/SeqDiff.t"
,"t/Variation/AAReverseMutate.t"
,"t/Variation/SNP.t"
,"t/Variation/AAChange.t"
,"t/SeqIO.t"
,"t/AlignIO/phylip.t"
,"t/AlignIO/pfam.t"
,"t/AlignIO/psi.t"
,"t/AlignIO/mega.t"
,"t/AlignIO/largemultifasta.t"
,"t/AlignIO/fasta.t"
,"t/AlignIO/mase.t"
,"t/AlignIO/AlignIO.t"
,"t/AlignIO/arp.t"
,"t/AlignIO/po.t"
,"t/AlignIO/prodom.t"
,"t/AlignIO/xmfa.t"
,"t/AlignIO/nexus.t"
,"t/AlignIO/bl2seq.t"
,"t/AlignIO/selex.t"
,"t/AlignIO/nexml.t"
,"t/AlignIO/stockholm.t"
,"t/AlignIO/clustalw.t"
,"t/AlignIO/metafasta.t"
,"t/AlignIO/emboss.t"
,"t/AlignIO/maf.t"
,"t/AlignIO/msf.t"
,"t/AlignIO/meme.t"
,"t/Align/Utilities.t"
,"t/Align/AlignUtil.t"
,"t/Align/Graphics.t"
,"t/Align/AlignStats.t"
,"t/Align/TreeBuild.t"
,"t/Align/SimpleAlign.t"
,"t/ClusterIO/SequenceFamily.t"
,"t/ClusterIO/unigene.t"
,"t/ClusterIO/ClusterIO.t"
,"t/Seq/LargePSeq.t"
,"t/Seq/PrimarySeq.t"
,"t/Seq/LocatableSeq.t"
,"t/Seq/DBLink.t"
,"t/Seq/LargeLocatableSeq.t"
,"t/Seq/Seq.t"
,"t/Seq/WithQuality.t"
,"t/Seq/EncodedSeq.t"
,"t/Seq/PrimedSeq.t"
,"t/Seq/Quality.t"
,"t/Seq/MetaSeq.t"
,"t/Seq/PrimaryQual.t"
,"t/Ontology/OntologyStore.t"
,"t/Ontology/IO/obo.t"
,"t/Ontology/IO/go.t"
,"t/Ontology/IO/interpro.t"
,"t/Ontology/GOterm.t"
,"t/Ontology/Relationship.t"
,"t/Ontology/Term.t"
,"t/Ontology/RelationshipType.t"
,"t/Ontology/Ontology.t"
,"t/Ontology/GraphAdaptor.t"
,"t/Ontology/OntologyEngine.t"
,"t/Assembly/IO/sam.t"
,"t/Assembly/IO/bowtie.t"
,"t/Assembly/ContigSpectrum.t"
,"t/Assembly/core.t"
,"t/Annotation/Annotation.t"
,"t/Annotation/AnnotationAdaptor.t"
,"t/Phenotype/OMIMentry.t"
,"t/Phenotype/Correlate.t"
,"t/Phenotype/Phenotype.t"
,"t/Phenotype/Measure.t"
,"t/Phenotype/OMIMparser.t"
,"t/Phenotype/MeSH.t"
,"t/Phenotype/MiniMIMentry.t"
,"t/Phenotype/OMIMentryAllelicVariant.t"
,"t/SeqTools/SeqPattern.t"
,"t/SeqTools/OddCodes.t"
,"t/SeqTools/SeqUtils.t"
,"t/SeqTools/CodonTable.t"
,"t/SeqTools/Backtranslate.t"
,"t/SeqTools/GuessSeqFormat.t"
,"t/SeqTools/SeqStats.t"
,"t/SeqTools/ECnumber.t"
,"t/SeqTools/SeqWords.t"
,"t/SeqEvolution.t"
,"t/Matrix/IO/psm.t"
,"t/Matrix/IO/masta.t"
,"t/Matrix/ProtPsm.t"
,"t/Matrix/InstanceSite.t"
,"t/Matrix/Matrix.t"
,"t/Matrix/ProtMatrix.t"
,"t/Matrix/SiteMatrix.t"
,"t/Alphabet.t"
,"t/SearchIO/gmap_f9.t"
,"t/SearchIO/SearchIO.t"
,"t/SearchIO/fasta.t"
,"t/SearchIO/sim4.t"
,"t/SearchIO/psl.t"
,"t/SearchIO/cross_match.t"
,"t/SearchIO/waba.t"
,"t/SearchIO/erpin.t"
"Bio-HMMER","t/SearchIO/hmmer.t"
,"t/SearchIO/Tiling.t"
,"t/SearchIO/exonerate.t"
,"t/SearchIO/blast_pull.t"
,"t/SearchIO/Writer/GbrowseGFF.t"
,"t/SearchIO/Writer/HTMLWriter.t"
,"t/SearchIO/Writer/HSPTableWriter.t"
,"t/SearchIO/Writer/HitTableWriter.t"
,"t/SearchIO/wise.t"
,"t/SearchIO/rnamotif.t"
,"t/SearchIO/CigarString.t"
,"t/SearchIO/blastxml.t"
,"t/SearchIO/SimilarityPair.t"
,"t/SearchIO/blasttable.t"
,"t/SearchIO/blast.t"
,"t/SearchIO/infernal.t"
"Bio-HMMER","t/SearchIO/hmmer3.t"
"Bio-HMMER","t/SearchIO/hmmer_pull.t"
,"t/SearchIO/megablast.t"
,"t/Species.t"
,"t/Biblio/Biblio.t"
,"t/Biblio/References.t"
,"t/Biblio/biofetch.t"
,"t/Biblio/eutils.t"
,"t/nexml.t"
,"t/lib/Error.pm"
,"t/lib/Test/Harness.pm"
,"t/lib/Test/Harness/Iterator.pm"
,"t/lib/Test/Harness/Results.pm"
,"t/lib/Test/Harness/Util.pm"
,"t/lib/Test/Harness/Point.pm"
,"t/lib/Test/Harness/Assert.pm"
,"t/lib/Test/Harness/Straps.pm"
,"t/lib/Test/Harness/TAP.pod"
,"t/lib/Test/Builder.pm"
,"t/lib/Test/Exception.pm"
,"t/lib/Test/More.pm"
,"t/lib/Test/Simple.pm"
,"t/lib/Test/Builder/Module.pm"
,"t/lib/Test/Builder/Tester/Color.pm"
,"t/lib/Test/Builder/Tester.pm"
,"t/lib/Test/Warn.pm"
,"t/lib/Test/Tutorial.pod"
,"t/lib/Sub/Uplevel.pm"
,"t/lib/Tree/DAG_Node.pm"
,"t/lib/Array/Compare.pm"
,"t/PopGen/TagHaplotype.t"
,"t/PopGen/HtSNP.t"
,"t/PopGen/PopGen.t"
,"t/PopGen/Coalescent.t"
,"t/PopGen/PopGenSims.t"
,"t/PopGen/MK.t"
,"t/PodSyntax.t"
,"t/data/test_badlf.gcg"
,"t/data/cysprot1.FASTA"
,"t/data/U71225.gb.win"
,"t/data/contigspectrumtest.tigr"
,"t/data/worm_fam_2785.cdna"
,"t/data/traittree.nexus"
,"t/data/mixedmast.dat"
,"t/data/test.genbank"
,"t/data/testaln.selex"
,"t/data/test.waba"
,"t/data/U71225.gb"
,"t/data/no_FH.embl"
,"t/data/mus.bls.xml"
,"t/data/signalp.hmm.summary"
,"t/data/test.mase"
,"t/data/pictogram.fa"
,"t/data/hybrid1.gff3"
,"t/data/omim_genemap_test_nolinebreak"
,"t/data/barns-combined.nex"
,"t/data/blastp2215.blast"
,"t/data/protpars.phy"
,"t/data/ecolitst.noseqs.wublastp"
,"t/data/hmmpfam_cs.out"
,"t/data/02_mackerel_rdfa_2_cdao_lsid_taxrefs.xml"
,"t/data/2008.blasttable"
,"t/data/bug2901.fa"
,"t/data/compLD_test.prettybase"
,"t/data/tblastn.out"
,"t/data/alnfile.fasta"
,"t/data/char-interleave.nex"
,"t/data/pseudowise.out"
,"t/data/gmap_f9-multiple_results.txt"
,"t/data/yn00.mlc"
,"t/data/characters+trees.nexml.xml"
,"t/data/BOSS_DROME.FASTP_v35_04"
,"t/data/myco_sites.gff"
,"t/data/cysprot1b.hmmsearch"
,"t/data/bug2399.tblastn"
,"t/data/ecoli_domains.rps.xml"
,"t/data/test.fastq"
,"t/data/test.interpro-go.xml"
,"t/data/AF165282.gb"
,"t/data/primedseq.fa"
,"t/data/no-genes.genscan"
,"t/data/testaln.phylip"
,"t/data/bl2seq.bug940.out"
,"t/data/branchSite.mlc"
,"t/data/BK000016-tpa.gbk"
,"t/data/lucy.info"
,"t/data/sbay_c127.fas"
,"t/data/ecolitst.wublastp"
,"t/data/fgenesh.out"
,"t/data/503384.MEGABLAST.0"
,"t/data/HUMBETGLOA.fa"
,"t/data/aaml.mlc"
,"t/data/02_dogfish_no_taxrefs.xml"
,"t/data/roa1.dat"
,"t/data/crypto.sim4-0"
,"t/data/frac_problems2.blast"
,"t/data/ECAPAH02.embl"
,"t/data/acefile.singlets"
,"t/data/HUMBETGLOA.FASTA"
,"t/data/test.genbank.noseq"
,"t/data/mutations.dat"
,"t/data/baseml.pairwise"
,"t/data/Glimmer3.detail"
,"t/data/hs_owlmonkey.fasta"
,"t/data/cysprot1b.fa"
,"t/data/c200-vs-yeast.BLASTN"
,"t/data/map_hem/HEM12-HEM13.fa"
,"t/data/map_hem/HEM12-HEM14.fa"
,"t/data/map_hem/HEM3-HEM14.meme.txt"
,"t/data/map_hem/HEM2-HEM13.fa"
,"t/data/map_hem/HEM4-HEM14.meme.txt"
,"t/data/map_hem/HEM14.ups.fa_.revcom"
,"t/data/map_hem/HEM2.ups.fa_.revcom"
,"t/data/map_hem/HEM14-HEM15.meme.txt"
,"t/data/map_hem/HEM3-HEM4.meme.txt"
,"t/data/map_hem/HEM13-HEM15.meme.txt"
,"t/data/map_hem/HEM1.ups.fa_"
,"t/data/map_hem/HEM15.ups.fa_.revcom"
,"t/data/map_hem/HEM1-HEM12.fa.revcom"
,"t/data/map_hem/HEM3-HEM15.fa"
,"t/data/map_hem/HEM12-HEM14.meme.txt"
,"t/data/map_hem/HEM4.ups.fa_.revcom"
,"t/data/map_hem/HEM1-HEM4.fa"
,"t/data/map_hem/HEM3-HEM12.meme.txt"
,"t/data/map_hem/HEM12-HEM15.fa"
,"t/data/map_hem/HEM3.ups.fa_.revcom"
,"t/data/map_hem/HEM2-HEM15.meme.txt"
,"t/data/map_hem/HEM4-HEM12.fa"
,"t/data/map_hem/HEM1-HEM4.meme.txt"
,"t/data/map_hem/HEM15.ups.fa_"
,"t/data/map_hem/HEM1-HEM2.meme.txt"
,"t/data/map_hem/HEM14-HEM15.fa"
,"t/data/map_hem/HEM2-HEM4.fa"
,"t/data/map_hem/HEM1.ups.fa_.revcom"
,"t/data/map_hem/HEM13.ups.fa_"
,"t/data/map_hem/HEM4-HEM13.fa"
,"t/data/map_hem/HEM2-HEM14.meme.txt"
,"t/data/map_hem/HEM4-HEM15.fa"
,"t/data/map_hem/HEM12-HEM15.meme.txt"
,"t/data/map_hem/HEM2-HEM12.fa"
,"t/data/map_hem/HEM4-HEM12.meme.txt"
,"t/data/map_hem/HEM1-HEM14.fa"
,"t/data/map_hem/HEM1-HEM2.fa.revcom"
,"t/data/map_hem/HEM1-HEM12.fa"
,"t/data/map_hem/HEM2-HEM3.fa"
,"t/data/map_hem/HEM2-HEM4.meme.txt"
,"t/data/map_hem/HEM1-HEM3.meme.txt"
,"t/data/map_hem/HEM3-HEM12.fa"
,"t/data/map_hem/HEM2-HEM3.meme.txt"
,"t/data/map_hem/HEM3-HEM15.meme.txt"
,"t/data/map_hem/HEM13-HEM15.fa"
,"t/data/map_hem/HEM1-HEM13.fa"
,"t/data/map_hem/HEM13-HEM14.meme.txt"
,"t/data/map_hem/HEM1-HEM12.meme.txt"
,"t/data/map_hem/HEM4.ups.fa_"
,"t/data/map_hem/HEM1-HEM2.fa"
,"t/data/map_hem/HEM3-HEM4.fa"
,"t/data/map_hem/HEM1-HEM14.meme.txt"
,"t/data/map_hem/HEM1-HEM15.fa"
,"t/data/map_hem/HEM2.ups.fa_"
,"t/data/map_hem/HEM2-HEM15.fa"
,"t/data/map_hem/HEM13.ups.fa_.revcom"
,"t/data/map_hem/HEM1-HEM3.fa"
,"t/data/map_hem/HEM3-HEM14.fa"
,"t/data/map_hem/HEM2-HEM12.meme.txt"
,"t/data/map_hem/yeast.nc.1.freq"
,"t/data/map_hem/HEM4-HEM13.meme.txt"
,"t/data/map_hem/HEM4-HEM14.fa"
,"t/data/map_hem/HEM2-HEM13.meme.txt"
,"t/data/map_hem/HEM1-HEM13.meme.txt"
,"t/data/map_hem/HEM14.ups.fa_"
,"t/data/map_hem/HEM4-HEM15.meme.txt"
,"t/data/map_hem/HEM3.ups.fa_"
,"t/data/map_hem/HEM12.ups.fa_.revcom"
,"t/data/map_hem/HEM13-HEM14.fa"
,"t/data/map_hem/HEM3-HEM13.meme.txt"
,"t/data/map_hem/HEM2-HEM14.fa"
,"t/data/map_hem/HEM1-HEM15.meme.txt"
,"t/data/map_hem/HEM12.ups.fa_"
,"t/data/map_hem/HEM3-HEM13.fa"
,"t/data/map_hem/HEM12-HEM13.meme.txt"
,"t/data/04_labeled_ancestors.xml"
,"t/data/testaln.metafasta"
,"t/data/codeml_lysozyme/lysozymeSmall.ctl"
,"t/data/codeml_lysozyme/lysozymeSmall.trees"
,"t/data/codeml_lysozyme/mlc"
,"t/data/codeml_lysozyme/2NG.tt"
,"t/data/codeml_lysozyme/2NG.dS"
,"t/data/codeml_lysozyme/4fold.nuc"
,"t/data/codeml_lysozyme/lnf"
,"t/data/codeml_lysozyme/rst1"
,"t/data/codeml_lysozyme/rst"
,"t/data/codeml_lysozyme/lysozymeSmall.txt"
,"t/data/codeml_lysozyme/2NG.dN"
,"t/data/codeml_lysozyme/rub"
,"t/data/transfac.dat"
,"t/data/test_singlets.cns.fastq"
,"t/data/exonerate.output.works"
,"t/data/ZABJ4EA7014.CH878695.1.blast.txt"
,"t/data/omim_text_test"
,"t/data/SwissProt.dat"
,"t/data/biofpc.fpc"
,"t/data/bug2982.embl"
,"t/data/phylipdist.out"
,"t/data/repeatmasker.fa.out"
,"t/data/AE003528_ecoli.bls"
,"t/data/multi.phd"
,"t/data/fastq/tricky.fastq"
,"t/data/fastq/error_double_seq.fastq"
,"t/data/fastq/error_qual_del.fastq"
,"t/data/fastq/error_double_qual.fastq"
,"t/data/fastq/error_trunc_at_plus.fastq"
,"t/data/fastq/test3_illumina.fastq"
,"t/data/fastq/error_long_qual.fastq"
,"t/data/fastq/error_qual_null.fastq"
,"t/data/fastq/example.fasta"
,"t/data/fastq/evil_wrapping.fastq"
,"t/data/fastq/error_trunc_at_qual.fastq"
,"t/data/fastq/sanger_93.fastq"
,"t/data/fastq/error_qual_vtab.fastq"
,"t/data/fastq/sanger_faked.fastq"
,"t/data/fastq/error_diff_ids.fastq"
,"t/data/fastq/test2_solexa.fastq"
,"t/data/fastq/error_trunc_in_qual.fastq"
,"t/data/fastq/solexa_example.fastq"
,"t/data/fastq/error_qual_escape.fastq"
,"t/data/fastq/error_no_qual.fastq"
,"t/data/fastq/error_trunc_in_title.fastq"
,"t/data/fastq/solexa_faked.fastq"
,"t/data/fastq/error_trunc_in_plus.fastq"
,"t/data/fastq/error_qual_unit_sep.fastq"
,"t/data/fastq/error_trunc_in_seq.fastq"
,"t/data/fastq/error_qual_tab.fastq"
,"t/data/fastq/error_spaces.fastq"
,"t/data/fastq/test1_sanger.fastq"
,"t/data/fastq/example.qual"
,"t/data/fastq/wrapping_issues.fastq"
,"t/data/fastq/illumina_faked.fastq"
,"t/data/fastq/error_tabs.fastq"
,"t/data/fastq/error_qual_space.fastq"
,"t/data/fastq/bug2335.fastq"
,"t/data/fastq/error_short_qual.fastq"
,"t/data/fastq/error_trunc_at_seq.fastq"
,"t/data/fastq/example.fastq"
,"t/data/genomic-seq.mzef"
,"t/data/mapmaker.txt"
,"t/data/hmmsearch3.out"
,"t/data/HUMBETGLOA.grailexp"
,"t/data/interpro_ebi.xml"
,"t/data/T7.aln"
,"t/data/BEL16-LTR_AG.embl"
,"t/data/revcomp_mrna.gb"
,"t/data/test.locuslink"
,"t/data/mutations.old.xml"
,"t/data/tmp.fst"
,"t/data/test2.infernal"
,"t/data/hmmpfam.out"
,"t/data/bl2seq.blastn.rev"
,"t/data/footprinter.out"
,"t/data/component.ontology.test2"
,"t/data/bug3021.gmap"
,"t/data/503384.MEGABLAST.2"
,"t/data/characters.nexml.old.xml"
,"t/data/test.ref.fas"
,"t/data/dna1.fa"
,"t/data/test.metafasta"
,"t/data/neighbor.dist"
,"t/data/test.txt"
,"t/data/lysozyme6.protml"
,"t/data/knownGene.gff3"
,"t/data/tree_nonewline.nexus"
,"t/data/test.exp"
,"t/data/ecoli-trna-qrna.out"
,"t/data/pfam_tests.stk"
,"t/data/plague_yeast.bls.xml"
,"t/data/test_clear_range.fastq"
,"t/data/PAM250"
,"t/data/U83300.bsml"
,"t/data/BAB68554.gb"
,"t/data/test.interpro"
,"t/data/BC000007.gbk"
,"t/data/quoted-strings2.nex"
,"t/data/blast_plus.blastp"
,"t/data/cysprot1a.fa"
,"t/data/genewise.out"
,"t/data/singleNSsite.mlc"
,"t/data/humts1.pal"
,"t/data/testaln.aln"
,"t/data/testaln.pfam"
,"t/data/spidey.noalignment"
,"t/data/AF305198.gb"
,"t/data/1.bed"
,"t/data/interpro.xml"
,"t/data/directives.gff3"
,"t/data/sim4.for.rev"
,"t/data/dq519393.gb"
,"t/data/tandem_repeats_finder_no_desc.dat"
,"t/data/assembly_with_singlets.ace"
,"t/data/nei_gojobori_test.aln"
,"t/data/cysprot1.fa"
,"t/data/tricky.wublast"
,"t/data/crab.nj"
,"t/data/test.tigrxml"
,"t/data/msout_infile1"
,"t/data/bug3086.embl"
,"t/data/testaln.xmfa"
,"t/data/phi.out"
,"t/data/radical-whitespace.nex"
,"t/data/targetp.out"
,"t/data/purine_v081.infernal"
,"t/data/sim4.for.for"
,"t/data/sofa.ontology"
,"t/data/long-names.nex"
,"t/data/baseml.usertree"
,"t/data/testaln.stockholm"
,"t/data/spaces.nex"
,"t/data/contig-by-hand.wublastp"
,"t/data/test.gcgblast"
,"t/data/ENr111.mfa.example.elems"
,"t/data/testaln.msf"
,"t/data/cysprot.needle"
,"t/data/X98338_Adh-mRNA.gb"
,"t/data/amino.fa"
,"t/data/GlimmerM.out"
,"t/data/polymorphism.dat"
,"t/data/dbfa/3.fa"
,"t/data/dbfa/2.fa"
,"t/data/dbfa/7.fa"
,"t/data/dbfa/6.fa"
,"t/data/dbfa/4.fa"
,"t/data/dbfa/5.fa"
,"t/data/dbfa/1.fa"
,"t/data/03_bootstraps.xml"
,"t/data/cds-266.fas"
,"t/data/quoted-strings1.nex"
,"t/data/newblast.xml"
,"t/data/stress_test_medline.xml"
,"t/data/hemoglobinA.meg"
,"t/data/testaln.list"
,"t/data/yeast.tRNAscanSE"
,"t/data/masta.dat"
,"t/data/BN000066-tpa.embl"
,"t/data/exonerate.output.dontwork"
,"t/data/test.swiss"
,"t/data/P39765.gb"
,"t/data/HUMBETGLOA.mzef"
,"t/data/primer3_outfile.txt"
,"t/data/popgen_saureus.dat"
,"t/data/dnaEbsub_ecoli.wutblastn"
,"t/data/test2.raw"
,"t/data/mini-AE001405.gb"
,"t/data/multiseq.bls"
,"t/data/P35527.gb"
,"t/data/M12730.gb"
,"t/data/Genscan.FastA"
,"t/data/characters.nexml.xml"
,"t/data/bug2391.megablast"
,"t/data/genomic-seq.genscan"
,"t/data/test.pln"
,"t/data/test_singlets.maq"
,"t/data/testaln.arp"
,"t/data/tandem_repeats_finder.dat"
,"t/data/Treebase-chlamy-dna.nex"
,"t/data/MSGEFTUA.gb"
,"t/data/crypto.sim4-3"
,"t/data/27-contig_Newbler.ace"
,"t/data/biodbgff/test.gff3"
,"t/data/biodbgff/test.gff"
,"t/data/sbay_c545-yeast.BLASTZ.PSL"
,"t/data/multifa.seq.qual"
,"t/data/pre_rel9.swiss"
,"t/data/frac_problems.blast"
,"t/data/cysprot1b.newick"
,"t/data/bug2120.phd"
,"t/data/seqxml.xml"
,"t/data/Bird_Ovomucoids.nex"
,"t/data/O_sat.wgs"
,"t/data/LittleChrY.dbsnp.xml"
,"t/data/CG11099.fasaln"
,"t/data/signalp.positive.out"
,"t/data/SPAN_Family8a.nex"
,"t/data/testdata.crossmatch"
,"t/data/catalase-webblast.BLASTP"
,"t/data/test.gcg"
,"t/data/rebase.withrefm"
,"t/data/unigene.data"
,"t/data/bug2473.fasta"
,"t/data/blat.psLayout3"
,"t/data/intrablock-comment.nex"
,"t/data/match.output"
,"t/data/dnaE-bsub.fa"
,"t/data/hmmscan.out"
,"t/data/testaln.mase"
,"t/data/longnames.dnd"
,"t/data/ecolitst.fa"
,"t/data/gf-s71.needle"
,"t/data/D12555.gbk"
,"t/data/msout_infile2.gz"
,"t/data/mutations.xml"
,"t/data/seqfile.pir"
,"t/data/test.maq"
,"t/data/phyloxml_examples.xml"
,"t/data/02_dogfish_rdfa_tdwg_lsid_taxrefs.xml"
,"t/data/01_basic.xml"
,"t/data/AF032047.gbk"
,"t/data/mini-align.aln"
,"t/data/sprintf.rnamotif"
,"t/data/bootstrap.tre"
,"t/data/dcr1_sp.WUBLASTP"
,"t/data/testaln.fastq"
,"t/data/prints.out"
,"t/data/consed_project/edit_dir/test_project.fasta.screen"
,"t/data/consed_project/edit_dir/test_project_to_alu.cross"
,"t/data/consed_project/edit_dir/test_project.fasta.screen.problems"
,"t/data/consed_project/edit_dir/test_project.fasta.screen.ace.2"
,"t/data/consed_project/edit_dir/test_project.fasta.screen.contigs.qual"
,"t/data/consed_project/edit_dir/test_project.fasta"
,"t/data/consed_project/edit_dir/test_project.phrap.out"
,"t/data/consed_project/edit_dir/test_project.fasta.screen.problems.qual"
,"t/data/consed_project/edit_dir/test_projectNewChromats.fof"
,"t/data/consed_project/edit_dir/test_project.fasta.screen.qual"
,"t/data/consed_project/edit_dir/test_project.fasta.screen.singlets"
,"t/data/consed_project/edit_dir/test_project.fasta.screen.log"
,"t/data/consed_project/edit_dir/test_project.fasta.log"
,"t/data/consed_project/edit_dir/test_project.newtags"
,"t/data/consed_project/edit_dir/test_project.fasta.screen.ace.1"
,"t/data/consed_project/edit_dir/test_project.fasta.screen.contigs"
,"t/data/consed_project/edit_dir/test_project.screen.out"
,"t/data/consed_project/edit_dir/test_project.contigs"
,"t/data/consed_project/edit_dir/test_project.fasta.screen.view"
,"t/data/consed_project/phd_dir/ML4924R.phd.1"
,"t/data/consed_project/phd_dir/ML4947F.phd.1"
,"t/data/consed_project/phd_dir/ML4924F.phd.1"
,"t/data/consed_project/phd_dir/ML4922R.phd.1"
,"t/data/factor7.embl"
,"t/data/D10483.gbk"
,"t/data/omim_genemap_test"
,"t/data/Mcjanrna_rdbII.gbk"
,"t/data/no_hsps.blastp"
,"t/data/LOAD_Ccd1.dnd"
,"t/data/glimmer3-fragment.detail"
,"t/data/cysprot.msf"
,"t/data/rpsblast.bls"
,"t/data/AY095303S1.gbk"
,"t/data/spidey.test1"
,"t/data/test.xls"
,"t/data/mpath.ontology.test"
,"t/data/msout_infile2"
,"t/data/test.lasergene"
,"t/data/test.pir"
,"t/data/seg.out"
,"t/data/cysprot1b.msf"
,"t/data/multi_1.fa"
,"t/data/mapmaker.out"
,"t/data/testaln.psi"
,"t/data/a_thaliana.blastn"
,"t/data/urease.tre.nexus"
,"t/data/compLD_missingtest.prettybase"
,"t/data/bl2seq.out"
,"t/data/CG2865.fasaln"
,"t/data/Glimmer3.predict"
,"t/data/promoterwise.out"
,"t/data/signalp.short"
,"t/data/testaln.nexus"
,"t/data/test.meme2"
,"t/data/short.blx"
,"t/data/ay149291.gb"
,"t/data/traits.tab"
,"t/data/AAC12660.fa"
,"t/data/testaln.po"
,"t/data/genomewise.out"
,"t/data/DQ018368.gb"
,"t/data/tandem_repeats_finder.noresults"
,"t/data/test.infernal"
,"t/data/test.pfam"
,"t/data/meme.dat"
,"t/data/codeml43.mlc"
,"t/data/rfam_tests.stk"
,"t/data/megablast_output.paracel_btk"
,"t/data/ay007676.gb"
,"t/data/no_semicolon.newick"
,"t/data/chad100.scf"
,"t/data/sim4.rev"
,"t/data/radical-whitespace_02.nex"
,"t/data/phipsi.out"
,"t/data/crab.dat.cn"
,"t/data/cysprot.tblastn"
,"t/data/test.embl2sq"
,"t/data/humor.maf"
,"t/data/blast_no_hit_desc.txt"
,"t/data/sv40_small.xml"
,"t/data/hs_est.est2genome"
,"t/data/ATF14F8.gbk"
,"t/data/example.phase"
,"t/data/component.ontology.test"
,"t/data/hmmsearch.out"
,"t/data/P33897"
,"t/data/popgen_saureus.multidat"
,"t/data/sample_dataset.tigr"
,"t/data/test.nhx"
,"t/data/transfac_pro/reference.dat"
,"t/data/transfac_pro/matrix.dat"
,"t/data/transfac_pro/site.dat"
,"t/data/transfac_pro/gene.dat"
,"t/data/transfac_pro/fragment.dat"
,"t/data/transfac_pro/readme.txt"
,"t/data/transfac_pro/factor.dat"
,"t/data/swiss.dat"
,"t/data/psiblast.xml"
,"t/data/ctgdemo.fpc"
,"t/data/test.tab"
,"t/data/test.fasta"
,"t/data/AnnIX-v003.gbk"
,"t/data/headerless.psl"
,"t/data/alleles.fas"
,"t/data/hsinsulin.blastcl3.blastn"
,"t/data/signalp.nn.summary"
,"t/data/gmap_f9.txt"
,"t/data/rel9.swiss"
,"t/data/AE003644_Adh-genomic.gb"
,"t/data/NC_006346.gb"
,"t/data/rebase.itype2"
,"t/data/bug2862.pmr"
,"t/data/empty.bl2seq"
,"t/data/1A3I.pdb"
,"t/data/cys1_dicdi.water"
,"t/data/M0.mlc"
,"t/data/singlet_w_CT.ace"
,"t/data/ribosome-slippage.gb"
,"t/data/withrefm.906"
,"t/data/SPAN_Family7n.nex"
,"t/data/tab1part.mif"
,"t/data/lucy.stderr"
,"t/data/AB077698.gb"
,"t/data/new_blastn.txt"
,"t/data/bug1986.blastp"
,"t/data/AHCYL1.kegg"
,"t/data/02_mackerel_rdfa_tdwg_lsid_taxrefs.xml"
,"t/data/genomic-seq.epcr"
,"t/data/codeml_nan.mlc"
,"t/data/dnaE-bsub-prot.fa"
,"t/data/1ZZ19XR301R-Alignment.tblastn"
,"t/data/bug1986.blast2"
,"t/data/test.ace"
,"t/data/codeml.mlc"
,"t/data/genewise_output.paracel_btk"
,"t/data/test.embl"
,"t/data/tmhmm.out"
,"t/data/trna.strict.rnamotif"
,"t/data/dbqual/3.qual"
,"t/data/dbqual/2.qual"
,"t/data/dbqual/1.qual"
,"t/data/hs_owlmonkey.fas"
,"t/data/Glimmer2.out"
,"t/data/bl2seq.blastn"
,"t/data/mast.dat"
,"t/data/phylipdist-36.out"
,"t/data/hg16_chroms.gff"
,"t/data/signalp.negative.out"
,"t/data/insulin.water"
,"t/data/psiblastreport.out"
,"t/data/swisspfam.data"
,"t/data/AY763288.gb"
,"t/data/puzzle.tre"
,"t/data/test.meme"
,"t/data/dnaEbsub_ecoli.wublastx"
,"t/data/genomic-seq.fasta"
,"t/data/test.gcgfasta"
,"t/data/qualfile.qual"
,"t/data/qrna-relloc.out"
,"t/data/trees.nexml.xml"
,"t/data/testaln2.fasta"
,"t/data/test.game"
,"t/data/GlimmerHMM.out"
,"t/data/bug2246.blast"
,"t/data/Primate_mtDNA.nex"
,"t/data/codeml4.mlc"
,"t/data/Rab1.chaos-xml"
,"t/data/NC_001284.gbk"
,"t/data/dna2.fa"
,"t/data/protpars_longid.phy"
,"t/data/cds_sample.embl"
,"t/data/SPAN_Family4nl.nex"
,"t/data/testdbaccnums.out"
,"t/data/longnames.aln"
,"t/data/tab2part.mif"
,"t/data/gmap_f9-reverse-strand.txt"
,"t/data/test1.wublastp"
,"t/data/genemark-fragment.out"
,"t/data/Q8GBD3.swiss"
,"t/data/stress_test_pubmed.xml"
,"t/data/dnaEbsub_ecoli.wutblastx"
,"t/data/U71225.gb.unix"
,"t/data/test.raw"
,"t/data/codeml315.mlc"
,"t/data/cysprot_vs_gadfly.FASTA"
,"t/data/02_mackerel_dict_cdao_lsid_taxrefs.xml"
,"t/data/hs_owlmonkey.aln"
,"t/data/testdat.exonerate"
,"t/data/taxdump/names.dmp"
,"t/data/taxdump/nodes.dmp"
,"t/data/test.nh"
,"t/data/seqdatabase.ini"
,"t/data/GO.defs.test"
,"t/data/test.ztr"
,"t/data/HUMBETGLOA.grail"
,"t/data/EG352462.gbxml"
,"t/data/testfile.erpin"
,"t/data/multifa.seq"
,"t/data/eutils/elink_multidb_corr.xml"
,"t/data/eutils/elink_acheck_corr.xml"
,"t/data/eutils/elink_llinks_corr.xml"
,"t/data/eutils/elink_lcheck_corr.xml"
,"t/data/eutils/elink_ncheck.xml"
,"t/data/eutils/elink_dball.xml"
,"t/data/eutils/elink_multidb.xml"
,"t/data/eutils/elink_lcheck.xml"
,"t/data/eutils/elink_llinks.xml"
,"t/data/eutils/egquery.xml"
,"t/data/eutils/einfo.xml"
,"t/data/eutils/elink_scores.xml"
,"t/data/eutils/epost.xml"
,"t/data/eutils/espell.xml"
,"t/data/eutils/einfo_dbs.xml"
,"t/data/eutils/elink_nhist_corr.xml"
,"t/data/eutils/elink_neighbor_corr.xml"
,"t/data/eutils/esearch1.xml"
,"t/data/eutils/elink_acheck.xml"
,"t/data/eutils/elink_ncheck_corr.xml"
,"t/data/eutils/esummary1.xml"
,"t/data/eutils/elink_nhist.xml"
,"t/data/eutils/esearch2.xml"
,"t/data/eutils/elink_neighbor.xml"
,"t/data/eutils/esummary2.xml"
,"t/data/echofilter.wublastn"
,"t/data/expected.blast.out"
,"t/data/lucy.qual"
,"t/data/multiseq_tags.phd"
,"t/data/multi_blast.bls"
,"t/data/1A11.pdb"
,"t/data/cysprot.fa"
,"t/data/ssp160.embl.1"
,"t/data/acefile.ace.1"
,"t/data/in.fasta"
,"t/data/multiline-intrablock-comment.nex"
,"t/data/13-pilE-F.scf"
,"t/data/signalp.hmm.short"
,"t/data/trees.nexml.old.xml"
,"t/data/bl2seq.tblastx.out"
,"t/data/03_bootstraps_in_tag.xml"
,"t/data/02_mackerel_no_taxrefs.xml"
,"t/data/seqfeaturedb/test.gff3"
,"t/data/test 2.txt"
,"t/data/biofpc.cor"
,"t/data/pep-266.aln"
,"t/data/test.ctf"
,"t/data/test.bowtie"
,"t/data/test.bam"
,"t/data/U58726.gb"
"Bio-HMMER","t/data/L77119.hmmer"
,"t/data/testfuzzy.genbank"
,"t/data/hmmpfam_fake.out"
,"t/data/bug2869.tree"
,"t/data/sparsealn.needle"
,"t/data/interpro_short.xml"
,"t/data/little.largemultifasta"
,"t/data/primer3_output.txt"
,"t/data/regulation_test.obo"
,"t/data/hmmscan_multi_domain.out"
,"t/data/hybrid2.gff3"
,"t/data/roa1.swiss"
,"t/data/testaln.fasta"
,"t/data/test.tsv"
,"t/data/bug2453.maf"
,"t/data/8HVP.pdb"
,"t/data/exsignalp.out"
,"t/data/codeml_nssites.mlc"
,"t/data/msout_infile1.gz"
,"t/data/frac_problems3.blast"
,"t/data/test.tseq"
,"t/data/bug2937.fasta"
,"t/data/version2.scf"
,"t/data/NT_021877.gbk"
,"t/data/codeml43_nssites.mlc"
,"t/data/example.hap"
,"t/data/1BPT.pdb"
,"t/data/02_dogfish_rdfa_2_cdao_lsid_taxrefs.xml"
,"t/data/psi_xml.dat"
,"t/data/BLOSUM50"
,"t/data/multi_2.fa"
,"t/data/basic-ladder.nex"
,"t/data/primer3_infile.txt"
,"t/data/lucy.seq"
,"t/data/test.abi"
,"t/data/ecolitst.bls"
,"t/data/semicolon.newick"
,"t/data/polymorphism.old.xml"
,"t/data/NC_008536.gb"
,"t/data/registry/bdb/seqdatabase.ini"
,"t/data/registry/flat/seqdatabase.ini"
,"t/data/vecscreen_simple.test_output"
,"t/data/test1.blasttab3"
,"t/data/testaln.prodom"
,"t/data/testaln2.arp"
,"t/data/HUMBETGLOA.tblastx"
,"t/data/ar.embl"
,"t/data/NM_002254.gb"
,"t/data/genemark.out"
,"t/data/ecoli_domains.rpsblast"
,"t/data/crypto.sim4-4"
,"t/data/test.ptt"
,"t/data/basic-bush.nex"
,"t/data/char-matrix-spaces.nex"
,"t/data/5X_1895.FASTXY"
,"t/data/test.cns.fastq"
,"t/data/Kingdoms_DNA.nex"
,"t/data/test.phd"
,"t/data/Fang_2003.xml"
,"t/data/adh.mb_tree.nexus"
,"t/data/bug2982.gb"
,"t/data/UnaSmithHIV-both.nex"
,"t/data/seqs.fas"
,"t/data/c200-vs-yeast.BLASTN.m8"
,"t/data/entrezgene.dat"
,"t/data/cysprot.water"
,"t/data/05_ancestral_states.xml"
,"t/data/reference_ace.ace"
,"t/data/roa1.gbxml"
,"t/data/roa1_v2.dat"
,"t/data/hs_fugu.newick"
,"t/data/atp1.matrix"
,"t/data/calm.swiss"
,"t/data/tab3part.mif"
,"t/data/popstats.prettybase"
,"t/data/multi.blast.m8"
,"t/data/crab.njb"
,"t/data/brassica_ATH.WUBLASTN"
,"t/data/PX1CG.gb"
,"t/data/no_cds_example.gb"
,"t/data/lysozyme6.simple.protml"
,"t/data/bl2seq.blastx.out"
,"t/data/signalp.nn.short"
,"t/data/bug2942.blastx"
,"t/data/nucmatrix.txt"
,"t/data/mutations.old.dat"
,"t/data/roa1.genbank"
,"t/data/NC_006511-short.gbk"
,"t/data/MmCT"
,"t/data/dmel_2Lchunk.gb"
,"t/data/polymorphism.xml"
,"t/data/geneid_1.0.out"
,"t/data/so.obo"
,"t/data/aaml_pairwise.mlc"
,"t/data/ay116458.gb"
,"t/data/blast.report"
,"t/data/multi.blast.m9"
,"t/data/blosum62.bla"
,"t/data/sequencefamily.dat"
,"t/data/noninterleaved.phy"
,"t/data/GO.defs.test2"
,"t/data/signalp.summary"
,"t/data/cysprot1a.msf"
,"t/data/02_dogfish_dict_cdao_lsid_taxrefs.xml"
,"t/data/HUMBETGLOA.gff"
,"t/data/glimmer3-fragment.predict"
,"t/data/version3.scf"
,"t/LocalDB/DBQual.t"
,"t/LocalDB/Registry.t"
,"t/LocalDB/transfac_pro.t"
,"t/LocalDB/Index/Blast.t"
,"t/LocalDB/Index/BlastTable.t"
,"t/LocalDB/Index/Index.t"
,"t/LocalDB/Flat.t"
,"t/LocalDB/BioDBGFF.t"
,"t/LocalDB/SeqFeature.t"
,"t/LocalDB/DBFasta.t"
,"t/LiveSeq/Mutation.t"
,"t/LiveSeq/LiveSeq.t"
,"t/LiveSeq/Chain.t"
,"t/LiveSeq/Mutator.t"
,"t/Root/Utilities.t"
,"t/Root/HTTPget.t"
,"t/Root/Exception.t"
,"t/Root/Tempfile.t"
,"t/Root/RootI.t"
,"t/Root/Storable.t"
,"t/Root/RootIO.t"
,"t/RemoteDB/Taxonomy.t"
,"t/RemoteDB/HIV/HIVAnnotProcessor.t"
,"t/RemoteDB/HIV/HIVQuery.t"
,"t/RemoteDB/HIV/HIV.t"
,"t/RemoteDB/HIV/HIVQueryHelper.t"
,"t/RemoteDB/EMBL.t"
,"t/RemoteDB/GenPept.t"
,"t/RemoteDB/EUtilities.t"
,"t/RemoteDB/EntrezGene.t"
,"t/RemoteDB/BioFetch.t"
,"t/RemoteDB/SeqHound.t"
,"t/RemoteDB/CUTG.t"
,"t/RemoteDB/Query/GenBank.t"
,"t/RemoteDB/SeqVersion.t"
,"t/RemoteDB/MeSH.t"
,"t/RemoteDB/SwissProt.t"
,"t/RemoteDB/SeqRead_fail.t"
,"t/RemoteDB/RefSeq.t"
,"t/RemoteDB/GenBank.t"
,"t/SeqIO/agave.t"
,"t/SeqIO/tinyseq.t"
,"t/SeqIO/abi.t"
,"t/SeqIO/ctf.t"
,"t/SeqIO/Multiple_fasta.t"
,"t/SeqIO/chaos.t"
,"t/SeqIO/fasta.t"
,"t/SeqIO/fastq.t"
,"t/SeqIO/seqxml.t"
,"t/SeqIO/strider.t"
,"t/SeqIO/table.t"
,"t/SeqIO/genbank.t"
,"t/SeqIO/ztr.t"
,"t/SeqIO/MultiFile.t"
,"t/SeqIO/flybase_chadoxml.t"
,"t/SeqIO/pln.t"
,"t/SeqIO/tigrxml.t"
,"t/SeqIO/embl.t"
,"t/SeqIO/excel.t"
,"t/SeqIO/Handler.t"
,"t/SeqIO/phd.t"
,"t/SeqIO/entrezgene.t"
,"t/SeqIO/locuslink.t"
,"t/SeqIO/tigr.t"
,"t/SeqIO/gbxml.t"
,"t/SeqIO/swiss.t"
,"t/SeqIO/game.t"
,"t/SeqIO/chadoxml.t"
,"t/SeqIO/Splicedseq.t"
,"t/SeqIO/tab.t"
,"t/SeqIO/ace.t"
,"t/SeqIO/kegg.t"
,"t/SeqIO/scf.t"
,"t/SeqIO/exp.t"
,"t/SeqIO/pir.t"
,"t/SeqIO/nexml.t"
,"t/SeqIO/alf.t"
,"t/SeqIO/lasergene.t"
,"t/SeqIO/chaosxml.t"
,"t/SeqIO/qual.t"
,"t/SeqIO/raw.t"
,"t/SeqIO/metafasta.t"
,"t/SeqIO/bsml.t"
,"t/SeqIO/largefasta.t"
,"t/SeqIO/interpro.t"
,"t/SeqIO/bsml_sax.t"
,"t/SeqIO/gcg.t"
,"t/SeqIO/msout.t"
,"t/SeqIO/asciitree.t"
,"t/SeqIO/SeqBuilder.t"
,"t/Tools/Sigcleave.t"
,"t/Tools/QRNA.t"
,"t/Tools/FootPrinter.t"
,"t/Tools/Lucy.t"
,"t/Tools/Sim4.t"
,"t/Tools/Run/Dummy/Config.pm"
,"t/Tools/Run/Dummy.pm"
,"t/Tools/Run/RemoteBlast_rpsblast.t"
,"t/Tools/Run/RemoteBlast.t"
,"t/Tools/Run/StandAloneBlast.t"
,"t/Tools/Run/WBCommandExts.t"
,"t/Tools/Run/WrapperBase.t"
,"t/Tools/Signalp/ExtendedSignalp.t"
,"t/Tools/SiRNA.t"
,"t/Tools/Promoterwise.t"
,"t/Tools/Match.t"
"Bio-HMMER","t/Tools/Hmmer.t"
,"t/Tools/Alignment/Consed.t"
,"t/Tools/Primer3.t"
,"t/Tools/Phylo/PAML.t"
,"t/Tools/Phylo/Molphy.t"
,"t/Tools/Phylo/Phylip/ProtDist.t"
,"t/Tools/Phylo/Gerp.t"
,"t/Tools/RandDistFunctions.t"
,"t/Tools/pICalculator.t"
,"t/Tools/GFF.t"
,"t/Tools/EUtilities/elink_acheck.t"
,"t/Tools/EUtilities/elink_scores.t"
,"t/Tools/EUtilities/EUtilParameters.t"
,"t/Tools/EUtilities/elink_neighbor_history.t"
,"t/Tools/EUtilities/elink_lcheck.t"
,"t/Tools/EUtilities/espell.t"
,"t/Tools/EUtilities/elink_neighbor.t"
,"t/Tools/EUtilities/esearch.t"
,"t/Tools/EUtilities/elink_llinks.t"
,"t/Tools/EUtilities/einfo.t"
,"t/Tools/EUtilities/esummary.t"
,"t/Tools/EUtilities/epost.t"
,"t/Tools/EUtilities/elink_ncheck.t"
,"t/Tools/EUtilities/egquery.t"
,"t/Tools/Analysis/DNA/ESEfinder.t"
,"t/Tools/Analysis/Protein/Sopma.t"
,"t/Tools/Analysis/Protein/Mitoprot.t"
,"t/Tools/Analysis/Protein/GOR4.t"
,"t/Tools/Analysis/Protein/Scansite.t"
,"t/Tools/Analysis/Protein/ELM.t"
,"t/Tools/Analysis/Protein/HNN.t"
,"t/Tools/Analysis/Protein/NetPhos.t"
,"t/Tools/Analysis/Protein/Domcut.t"
,"t/Tools/TargetP.t"
,"t/Tools/ePCR.t"
,"t/Tools/rnamotif.t"
,"t/Tools/Pseudowise.t"
,"t/Tools/RepeatMasker.t"
,"t/Tools/Geneid.t"
,"t/Tools/Est2Genome.t"
,"t/Tools/Genewise.t"
,"t/Tools/Genpred.t"
,"t/Tools/TandemRepeatsFinder.t"
,"t/Tools/Tmhmm.t"
,"t/Tools/IUPAC.t"
,"t/Tools/tRNAscanSE.t"
,"t/Tools/Signalp.t"
,"t/Tools/Spidey/Spidey.t"
,"t/Tools/Genomewise.t"
,"t/Tools/EMBOSS/Palindrome.t"
,"t/Tools/Seg.t"
